	stat	lat	lon	raw	adj
0	68328	-26.05	22.45		
1	70316	55.2011	-162.71	0.298498498498499	0.2633141655555581
2	70350	57.7431	-152.48	-0.572777777777777	-0.20826572185091186
3	70308	57.15	-170.21	-2.0831521739130445	-0.2858157323381395
4	91408	7.3687	134.54	-0.22330623306233094	0.45027598377650174
5	11035	48.2486	16.35	-0.02724935732647755	-0.0756406099999986
6	10393	52.2167	14.11	-0.03612565445026092	0.01771698554973825
7	10739	48.8333	9.2	0.0036458333333338664	-0.0142527360427935
8	27707	54.1	35.35	0.6414027149321269	0.19232936499999986
9	27612	55.93	37.51	0.6188679245283004	-0.0803307554838753
10	34122	51.65	39.25	0.6974999999999998	0.1167771957500026
11	27459	56.2667	44.0	0.691397849462366	0.2649248544224987
12	57494	30.6	114.05	-0.6986945169712794	-0.2629954427925493
13	57972	25.7353	112.97	-0.28146214099216815	0.13248550957599597
14	57447	30.2833	109.46	-0.3303664921465969	0.05606625067613122
15	41217	24.4333	54.65	0.29753521126760624	0.2827365383406343
16	40911	36.7	67.2		
17	40913	36.6667	68.91		
18	40938	34.217	62.21		
19	40948	34.55	69.21	-0.07970085470085521	-0.11456682092486764
20	40990	31.5	65.85	0.19430693069306876	-0.03346838940410401
21	60390	36.6833	3.21	-0.054293628808863466	0.10943260898853154
22	60525	34.8	5.73		
23	60550	33.683	1.0		
24	60571	31.5	-2.25	0.08195718654434185	0.10945690430870296
25	60580	31.9333	5.4		
26	60611	28.05	9.63		
27	60625	26.9667	1.08		
28	60630	27.2333	2.5		
29	60656	27.7	-8.16		
30	60680	22.8	5.43	-0.44294478527607345	-0.4643004575947613
31	37860	40.5333	50.0		
32	37985	38.733	48.83		
33	37789	40.2169	44.5		
34	66160	-8.85	13.23		
35	66285	-11.783	19.91		
36	66390	-14.933	13.56		
37	66422	-15.2167	12.16		
38	91765	-14.3383	-170.71	0.021529745042493064	0.28913946712499883
39	87047	-24.85	-65.48		
40	87155	-27.45	-59.05		
41	87344	-31.3167	-64.21		
42	87418	-32.8333	-68.78		
43	87576	-34.8167	-58.53		
44	87623	-36.5667	-64.26		
45	87715	-38.95	-68.13		
46	87860	-45.7833	-67.5		
47	87934	-53.8	-67.75		
48	87938	-54.8	-68.31		
49	94120	-12.4239	130.89	-0.03398791540785542	0.06246850556363566
50	94150	-12.2742	136.82	-0.29999999999999716	0.005977370000010751
51	94170	-12.6778	141.92	-0.307142857142861	-0.7764696183999888
52	94203	-17.9475	122.23	-0.3919999999999982	-0.2872892366666551
53	94294	-19.2483	146.76	-0.20487804878048654	0.05501611228572675
54	94299	-16.2833	149.96		
55	94300	-24.8878	113.67		
56	94302	-22.2406	114.09	0.18338278931750704	0.2541312783783589
57	94312	-20.3725	118.63	-0.23809523809523675	-0.19441316800001557
58	94326	-23.795	133.88	-1.750000000000007	
59	94332	-20.6778	139.48	-0.29047619047618883	-0.718169610999999
60	94335	-20.6667	140.5		
61	94374	-23.3753	150.47	0.11111111111111033	-0.005060208461549984
62	94380	-23.85	151.25		
63	94403	-28.8044	114.69		
64	94430	-26.6136	118.53	-1.8800000000000012	-2.0716859333333466
65	94461	-25.0342	128.3	0.5600000000000023	-1.083523417500004
66	94510	-26.4139	146.25	0.06249999999999911	1.793028866923086
67	94568	-27.65	152.71		
68	94578	-27.3917	153.12	-0.07957746478873319	-0.07383545923077213
69	94610	-31.9275	115.97	0.17181571815718127	0.048352871581922925
70	94637	-30.7847	121.45	-4.200000000000017	
71	94638	-33.83	121.89		
72	94647	-31.6667	128.86	-0.016216216216215294	0.5041718869230815
73	94653	-32.1297	133.69		
74	94659	-31.1558	136.8	-0.05333333333333125	0.6416590245454704
75	94672	-34.9525	138.52	-0.11197771587743721	-0.012379657970993167
76	94711	-31.4839	145.82	0.2240000000000032	0.30765101333334616
77	94750	-34.9469	150.53		
78	94767	-33.9464	151.17	-5.0	-4.552466879999997
79	94776	-32.7933	151.83	-0.0799999999999983	-0.44573453999998947
80	94802	-34.9414	117.8		
81	94821	-37.7472	140.77	0.7000000000000028	
82	94866	-37.6656	144.83	0.029654255319150162	0.010204915901641264
83	94910	-35.1583	147.45	0.8000000000000019	
84	94975	-42.8339	147.5	0.033730158730159554	0.08046444479451194
85	94995	-31.5422	159.07		
86	94998	-54.4994	158.93	-0.03170028818443845	0.09441705255319106
87	95527	-29.4897	149.84	-0.3655172413793082	-0.03618684578570708
88	46505	-30.01	131.58		
89	11010	48.2353	14.18	3.3999999999999773	
90	11120	47.2603	11.34	-1.1500000000000057	-0.8681217700000161
91	11240	46.9931	15.43		
92	88967	-77.9667	-38.8		
93	89001	-70.317	-2.36		
94	89002	-70.6667	-8.25	-0.2600000000000023	-0.43757394133332167
95	89009	-90.0	0.0	0.11452702702702752	0.17464631866428784
96	89022	-75.445	-26.21		
97	89050	-62.183	-58.88		
98	89051	-63.4667	-56.28		
99	89055	-64.2333	-56.71		
100	89062	-67.5661	-68.12		
101	89063	-65.25	-64.26		
102	89512	-70.7678	11.83	1.4184615384615373	-0.08110102607142368
103	89522	-70.4333	24.31		
104	89532	-69.0053	39.58	0.2351063829787234	0.21389026681215284
105	89542	-67.667	45.85		
106	89564	-67.6017	62.87		
107	89571	-68.5744	77.96	-0.06899224806201665	0.047422657771655274
108	89592	-66.5519	93.01	0.46785714285714264	-0.12801173999998958
109	89601	-66.27	100.73		
110	89606	-78.45	106.86		
111	89611	-66.2825	110.52	0.03337912087912043	0.08560342217763958
112	89625	-75.1017	123.41	1.0500000000000043	0.7590344963333374
113	89642	-66.6631	140.0		
114	89657	-69.5	159.4		
115	89662	-74.6958	164.09	-0.17368421052631638	-0.0492957411764474
116	89664	-77.85	166.66	0.003311258278145319	0.5091008436296214
117	89671	-72.3	170.21		
118	57401	-77.7333	-41.11		
119	91755	-78.2	-162.25		
120	78954	13.0667	-59.48	0.9530864197530866	0.10119132602740208
121	68032	-19.9833	23.41		
122	68040	-21.417	25.6		
123	68240	-24.55	25.91	-0.20000000000001705	-0.20000000000001705
124	78016	32.3669	-64.67	-0.028313253012047096	0.1903683301408489
125	06400	51.083	2.65		
126	06458	50.7456	4.76	-0.3416666666666674	1.1626709100000028
127	06476	50.033	5.4		
128	06496	50.4822	6.18		
129	78063	26.6167	-78.36		
130	78073	25.05	-77.46		
131	78076	25.2667	-76.3		
132	41883	24.85	89.36		
133	41891	24.9	91.88		
134	41923	23.7667	90.38		
135	41977	22.35	91.81		
136	78583	17.5333	-88.3	1.2730158730158714	0.7811458113636447
137	85201	-16.517	-68.18		
138	48042	21.983	96.1		
139	48053	20.883	95.9		
140	48097	16.7667	96.16		
141	65330	9.35	2.61		
142	65344	6.35	2.38		
143	26850	53.933	27.63		
144	33008	52.1167	23.68		
145	33036	52.05	29.25		
146	33041	52.4019	30.96	0.3999999999999915	-0.578491910000011
147	91517	-9.4167	159.96		
148	81729	-3.2944	-60.62		
149	82022	2.8333	-60.7		
150	82026	2.2239	-55.94		
151	82099	0.05	-51.06		
152	82107	-0.1167	-66.96		
153	82193	-1.3833	-48.48	0.2905660377358503	0.3116083691312609
154	82244	-2.4333	-54.71		
155	82281	-2.6	-44.23		
156	82332	-3.15	-59.98	0.1423423423423421	0.08449788288890285
157	82397	-3.7667	-38.6	1.0	
158	82400	-3.85	-32.41	-0.23165467625899294	-0.16675100663715575
159	82411	-4.25	-69.93		
160	82532	-5.8167	-61.28		
161	82599	-5.9167	-35.25	-0.15934959349593678	0.06382918235295965
162	82678	-6.7667	-43.01		
163	82705	-7.5833	-72.76		
164	82765	-7.3333	-47.46	-0.5999999999999943	
165	82824	-8.7667	-63.91		
166	82900	-8.05	-34.91		
167	82917	-10.0	-67.8		
168	82930	-9.333	-54.96		
169	82965	-9.8667	-56.1	0.25591397849462316	0.23114198012994006
170	82983	-9.3833	-40.48		
171	83208	-12.7	-60.1	0.40075757575757626	0.25999650743902714
172	83229	-13.0167	-38.51		
173	83288	-13.2667	-43.41		
174	83362	-15.65	-56.1	0.696153846153847	0.8081261291111206
175	83378	-15.8667	-47.93	0.48996960486322083	0.7015054093069274
176	83498	-17.7333	-39.25		
177	83525	-18.8833	-48.21	0.5285285285285289	0.4473631088235258
178	83554	-19.0	-57.66	0.8442105263157887	0.8401783985507213
179	83566	-19.6167	-43.96	0.5469879518072286	0.4935177227272644
180	83612	-20.4667	-54.66	0.4961111111111122	0.5560717786916095
181	83649	-20.2667	-40.28	0.4113960113960115	0.31548654339622517
182	83650	-20.5	-29.31		
183	83746	-22.8167	-43.25	0.03925233644859842	-0.05035461428570069
184	83768	-23.3333	-51.13	0.679213483146068	0.5462996412767308
185	83779	-23.5	-46.63	0.48784530386740377	0.45496676332046787
186	83827	-25.5167	-54.58	0.47870967741935494	0.12475155248285427
187	83840	-25.5167	-49.16	0.6550264550264542	0.33384934308943404
188	83899	-27.6667	-48.55	0.20242424242424298	0.17899487818179832
189	83928	-29.7833	-57.03	0.35895522388059886	0.6017510112195256
190	83937	-29.7167	-53.7	0.11214953271028144	0.08778118359713885
191	83971	-30.0	-51.18	0.10180722891566336	-0.16112908714285723
192	15614	42.65	23.38		
193	15730	41.65	25.36		
194	96315	4.9333	114.93	-0.04571428571428393	0.5501965900000002
195	71043	65.2833	-126.75	0.08818443804034613	0.19583151704178106
196	71074	78.8	-103.5		
197	71081	68.7667	-81.21	0.012429378531073221	-0.09845409556963801
198	71082	82.5	-62.33	-0.007859078590786231	-0.0739541241734085
199	71109	50.685	-127.37	-0.10306122448979582	-0.10212377067114452
200	71119	53.5475	-114.1	0.06031746031746027	0.09863601335195146
201	71197	47.567	-59.15		
202	71203	49.9408	-119.4	0.0005249343832013985	-0.036153519666667064
203	71569	50.2	-104.7		
204	71600	43.9322	-60.0	0.04702702702702704	0.004799202790708187
205	71603	43.8667	-66.1	-0.06898395721925175	-0.18723642181818265
206	71625	45.95	-77.31		
207	71701	45.8333	-66.43		
208	71716	46.9	-71.48		
209	71722	46.3019	-76.0	-0.140588235294118	-0.2852599237373918
210	71802	47.5167	-52.78	-0.1918840579710142	-0.3105837828817937
211	71811	50.2167	-66.25	-0.02819843342036527	0.048104482576633245
212	71815	48.5667	-58.56	-0.13390313390313416	-0.23657230126984327
213	71816	53.3	-60.36	-0.007180851063829152	-0.08067757944443699
214	71823	53.7572	-73.67	-0.13154269972451907	-0.20712886406526496
215	71836	51.2667	-80.65	-0.036197183098591774	-0.15244299694445898
216	71843	49.8	-97.13		
217	71845	51.45	-90.2	-0.0999999999999989	-0.14790606209913196
218	71853	49.783	-99.63		
219	71866	52.167	-106.71		
220	71867	53.9667	-101.1	-0.0631853785900783	-0.11181927243242386
221	71906	58.1167	-68.41	-0.08993710691824004	-0.15546701731799908
222	71907	58.4667	-78.08	-0.026035502958579745	-0.12754810999998664
223	71908	53.9	-122.79	-0.0439678284182305	-0.11352575563216548
224	71909	63.75	-68.55	0.019467787114846622	-0.013535282817339178
225	71913	58.7333	-94.06	0.03848580441640411	-0.0273485990566162
226	71915	64.2	-83.36	0.009970674486802953	-0.04062364171618517
227	71917	79.9833	-85.93	0.024868421052631026	0.01637218874659619
228	71924	74.7042	-94.96	0.013121546961325024	0.029995600476209174
229	71925	69.1333	-105.06	-0.0488063660477462	-0.04134097571427192
230	71926	64.3167	-96.0	0.006873315363881203	-0.029537803661984892
231	71928	52.433	-114.91		
232	71934	60.0261	-111.92	-0.08774373259052932	-0.039643999878413154
233	71945	58.8333	-122.6	-0.05691489361702107	-0.02785513808989397
234	71957	68.3167	-133.51	-0.11333333333333315	-0.08888422802589088
235	71964	60.7328	-135.09	-0.11393442622950901	-0.027001579023270248
236	71968	68.23	-135.0		
237	64700	12.1333	15.03	0.23055555555555746	0.2545228651129931
238	43466	6.9	79.86		
239	64400	-4.8167	11.9		
240	64458	1.6167	16.05		
241	50527	49.25	119.7	0.45219780219780265	0.11682717280626775
242	50557	49.1667	125.23	-0.2720626631853788	0.1539460690265923
243	50745	47.383	123.91		
244	50774	47.7167	128.83	-0.2539845758354759	0.2169846079300546
245	50834	46.5	121.36		
246	50873	46.817	130.33		
247	50953	45.9333	126.56	-0.34684210526315695	0.1677374832164485
248	51076	47.7333	88.08	0.10594315245478102	0.10995258472442067
249	51133	46.733	83.0		
250	51243	45.6	84.85		
251	51288	45.367	90.53		
252	51431	43.95	81.33	0.9167123287671243	0.07958454082954992
253	51463	43.7833	87.61	0.6723404255319154	-0.23451005941144135
254	51628	41.26	80.3		
255	51644	41.7167	82.95	-0.42645502645502675	-0.27730975573351485
256	51656	41.75	86.13		
257	51709	39.4833	75.75	0.1266666666666661	-0.14595964914974305
258	51777	39.0333	88.16	-0.12731958762886658	-0.09683520056596928
259	51828	37.1333	79.93	-0.0041237113402070496	-0.17470975333419608
260	51839	37.0667	82.71	0.12755905511811058	0.09643876420874715
261	51848	37.93	83.65		
262	51886	38.25	90.85		
263	51895	37.85	91.65		
264	52203	42.8167	93.51	-0.04814814814814767	0.13209734581769306
265	52267	41.95	101.06	0.062105263157895024	0.24441183665444766
266	52323	41.8	97.03	0.08385416666666745	0.1898129978730146
267	52391	41.75	103.96		
268	52418	40.15	94.68	-0.10909090909090886	-0.03143017096315519
269	52495	40.75	104.5		
270	52533	39.7667	98.48	0.082989690721648	0.13617425976315525
271	52602	38.833	93.38		
272	52681	38.6333	103.08	0.046276595744680335	0.2479135413342428
273	52818	36.4167	94.9	0.01424802110817966	-0.10472647729781197
274	52836	36.3	98.1	0.011369509043927811	0.10523946043246794
275	52866	36.7167	101.75	-0.059948320413435854	0.19288009843832654
276	52889	36.05	103.88		
277	52983	35.8667	104.15	-0.12559366754617426	0.10975520982185673
278	53068	43.6333	111.95	-0.2647519582245432	0.20386472923413612
279	53276	42.4	112.9		
280	53336	41.5667	108.51		
281	53420	40.97	107.17		
282	53463	40.85	111.56	-0.13681462140992168	0.17808256598116995
283	53502	39.783	105.75		
284	53513	40.7333	107.36	0.01424802110817966	0.22540311624728235
285	53543	39.8333	109.98		
286	53546	39.283	109.75		
287	53614	38.4667	106.2	-0.04749340369393072	0.19286789198390386
288	53772	37.6206	112.57	-0.4376344086021496	0.16269880807161297
289	53798	37.1808	114.35		
290	53845	36.5667	109.45	-0.008403361344537418	0.03143497786268725
291	53915	35.55	106.66	-0.20415584415584415	0.11156316962838286
292	54102	43.95	116.11	-0.29660574412532703	0.27778956125531873
293	54135	43.6	122.26	-0.3250673854447442	0.17325701111112263
294	54161	43.9	125.21	0.06128133704735408	0.2536875836379821
295	54218	42.3	118.83	-0.4994444444444435	0.037773874281391534
296	54292	42.8667	129.5	-0.15572916666666647	0.15019930811170765
297	54337	41.117	121.06		
298	54342	41.7333	123.51	-0.16618911174785134	0.21677460423054468
299	54374	41.8	126.88	0.21361256544502727	0.1736420727672051
300	54401	40.7833	114.88		
301	54497	40.083	124.33		
302	54511	39.9333	116.28	-0.31502590673575115	0.1686459511883374
303	54662	38.9	121.63	-0.17024793388429788	0.19157741052298616
304	54727	36.7	117.55	-0.3748691099476431	0.16012361452831678
305	54776	37.4	122.68		
306	54823	36.683	116.98		
307	54857	36.0667	120.33	-0.33277777777777806	0.0803131018818969
308	55299	31.4833	92.06	0.08647214854111382	-0.16455282571815957
309	55591	29.6667	91.13	-0.06507936507936461	-0.29408585336927145
310	55664	28.633	87.08		
311	56004	33.95	92.61		
312	56029	33.0	96.95	-0.19892761394101796	-0.400634740747931
313	56046	33.8	99.8		
314	56080	35.0	102.9	-0.13676092544987165	0.1810810571753944
315	56096	33.383	104.91		
316	56137	31.15	97.16	0.10000000000000087	-0.512749741734508
317	56146	31.6167	100.0	-0.2010610079575595	-0.3099235958807569
318	56187	30.75	103.86	-0.2652519893899203	0.11322967184196077
319	56247	29.967	99.06		
320	56312	29.5667	94.46		
321	56444	28.45	98.88		
322	56492	28.817	104.53		
323	56533	27.6667	98.38		
324	56571	27.9	102.26	-0.30263157894736886	-0.042816844018817364
325	56651	26.867	100.23		
326	56691	26.8667	104.28	-0.08675324675324707	0.3666655690826335
327	56739	24.9844	98.5	0.1812010443864227	0.23276030949464882
328	56778	25.0167	102.68	-0.12401055408971007	0.14095787209703825
329	56964	22.7667	100.98	0.26079999999999975	0.062398634745759594
330	56985	23.4444	103.32	0.3215053763440861	0.19600146926345574
331	57036	34.3	108.93		
332	57083	34.7167	113.65	-0.42319587628865984	-0.0025036383342121353
333	57127	33.0667	107.03	-0.42812499999999915	0.09666987872158173
334	57131	34.4333	108.96	-0.3540469973890334	0.2022200237270271
335	57178	33.1	112.48	-0.3645244215938311	-0.028194333077907044
336	57245	32.43	109.02		
337	57290	32.967	114.05		
338	57328	31.217	107.5		
339	57411	30.8	106.08		
340	57461	30.7333	111.36	-0.40053333333333363	0.03274865395095173
341	57516	29.6	106.4	-0.30263157894736925	0.14366282843449255
342	57679	28.2	113.08	-0.4138297872340436	-0.07797148729810202
343	57749	27.5667	110.0	-0.5164490861618809	-0.060425301818259274
344	57816	26.4833	106.65	-0.36167979002624606	0.12416089005600323
345	57957	25.3333	110.3	-0.24586666666666626	0.19726953025905158
346	57993	25.8667	115.0	-0.654881266490764	-0.060124813584897595
347	58027	34.2833	117.15	-0.3864583333333332	0.1393419431372025
348	58150	33.75	120.3	-0.305945945945946	0.07977557125424764
349	58203	32.8667	115.73	-0.45531914893616937	-0.0768042207884612
350	58238	31.9333	118.9	-0.3953125000000017	-0.17150425296207122
351	58321	31.867	117.23		
352	58362	31.4167	121.45	-0.3468085106382976	0.06810484013699664
353	58424	30.6167	116.96	-0.4366047745358093	-0.07490155033900513
354	58457	30.2333	120.16	-0.42285714285714304	-0.058314058882196096
355	58606	28.6	115.91	-0.3873015873015871	-0.03644075225603277
356	58633	28.9667	118.86	-0.4286458333333339	-0.1047262933947104
357	58665	28.6167	121.41	-0.4442105263157888	-0.11231088577686284
358	58666	28.45	121.88		
359	58725	27.3333	117.46	-0.3749999999999995	0.01713140794986809
360	58847	26.0833	119.28	-0.4966580976863756	-0.006325485384456514
361	59023	24.7	108.03		
362	59082	24.8333	113.5		
363	59096	24.367	114.48		
364	59134	24.4833	118.08	-0.3891472868217056	-0.009920768157144709
365	59211	23.9	106.6	-0.24421052631579024	0.18346641698492053
366	59265	23.4833	111.3	-0.33650793650793664	0.17771760164324202
367	59280	23.7	113.08	0.24679665738161494	0.15003495251651547
368	59287	23.217	113.48		
369	59293	23.8	114.73		
370	59316	23.35	116.66	-0.36113989637305693	0.09658952738073269
371	59431	22.6333	108.21		
372	59644	21.4833	109.1		
373	59663	21.8333	111.96		
374	59758	20.0	110.25	-0.10378378378378426	0.25190199383050904
375	59948	18.2167	109.58		
376	03995	46.22	122.05		
377	85442	-23.4503	-70.44		
378	85469	-27.1606	-109.42		
379	85543	-32.78	-71.51		
380	85586	-33.6547	-71.61	0.46012145748987854	0.2541125643119141
381	85799	-41.4347	-73.09		
382	85934	-53.0033	-70.84		
383	78384	19.2917	-81.35	0.9629310344827597	0.4594464407894742
384	96996	-12.1892	96.83	-0.8833333333333258	
385	64870	7.35	13.56		
386	64910	4.0167	9.7		
387	80001	12.5833	-81.71		
388	80035	11.5333	-72.93		
389	80222	4.7	-74.15		
390	80241	4.55	-70.91		
391	80259	3.55	-76.38		
392	80398	-4.1667	-69.95		
393	78762	9.9833	-84.18		
394	64650	4.4	18.51	1.3999999999999986	1.1396621160000109
395	78325	23.167	-82.35		
396	78355	21.4	-77.85		
397	78367	19.9	-75.21		
398	08594	16.7419	-22.94		
399	91801	-9.0	-158.05		
400	91843	-21.2	-159.81		
401	17601	34.583	32.98		
402	17607	35.1408	33.39		
403	06030	57.1	9.86		
404	06060	56.2933	9.11	0.04999999999999716	
405	06180	55.6333	12.66		
406	06181	55.767	12.53		
407	78467	19.05	-69.38		
408	78486	18.4333	-69.88	1.3508928571428578	-0.10754780293750965
409	84008	-0.9	-89.6	-0.4000000000000057	-0.45663463500000034
410	84203	-2.1581	-79.88		
411	62306	31.3253	27.22	-0.04999999999998295	
412	62337	31.0733	33.83	1.549999999999983	1.0036120999999696
413	62366	30.1333	31.56		
414	62378	29.8628	31.34		
415	62403	26.2003	32.74		
416	62414	23.9644	32.82	-0.04999999999998295	
417	62423	27.0583	27.98	-0.23333333333332953	1.4426898600000015
418	03953	51.9381	-10.24	0.03184357541899459	0.054884614621476244
419	26038	59.3981	24.6	1.028571428571423	
420	63021	15.283	38.91		
421	63450	9.0333	38.75		
422	11520	50.0078	14.44	0.15590551181102333	0.13409017181103414
423	11747	49.4525	17.13	0.019321148825065436	-0.02956867021505394
424	81405	4.8222	-52.36	0.3237569060773488	0.5152271663462862
425	02836	67.3667	26.62		
426	02935	62.3975	25.67		
427	02974	60.3167	24.96		
428	91680	-17.75	177.45		
429	02963	60.8139	23.49	0.13510638297872313	0.10284497998591562
430	88889	-51.82	-58.44	-0.7650000000000048	-0.800497146999993
431	91334	7.45	151.83	0.04317507418397537	0.392794572729368
432	91348	6.95	158.2	-0.04744408945686854	-0.3156333122202146
433	91356	5.3333	163.01		
434	91413	9.4833	138.06	-0.2552706552706557	-0.2872361050617281
435	06011	62.0231	-6.76	-0.029906542056073685	-0.08382602911712267
436	91925	-9.8061	-139.03		
437	91938	-17.5553	-149.61	-0.03977591036414435	-0.012762829756113439
438	91943	-14.4833	-145.03		
439	91944	-18.067	-140.95		
440	91948	-23.1303	-134.96	0.0	
441	91952	-21.817	-138.8		
442	91954	-23.35	-149.48		
443	91958	-27.6183	-144.33		
444	07110	48.4442	-4.41	-0.15454545454545449	-0.07183489541492748
445	07145	48.7744	2.0	-0.16793478260869507	-0.20547289191403736
446	07180	48.6833	6.21		
447	07190	48.55	7.63		
448	07354	46.85	1.71		
449	07480	45.717	4.95		
450	07481	45.7264	5.07		
451	07510	44.8306	-0.69	-0.006722689075630268	-0.003554656744200573
452	07645	43.8569	4.4	0.027710843373494026	0.2857819481160834
453	07761	41.9181	8.79	-0.23281733746130107	-0.12943625647347343
454	03602	48.07	5.03		
455	61996	-37.7953	77.56		
456	61998	-49.3522	70.24		
457	64500	0.45	9.41		
458	37260	43.017	41.03		
459	37484	41.633	41.6		
460	65418	9.5	-0.85		
461	08495	36.15	-5.35	0.06303030303030298	0.05374149659863949
462	04202	76.533	-68.75		
463	04220	68.7081	-52.85	0.048391812865495695	-0.020859029744655002
464	04231	67.0	-50.8		
465	04270	61.1667	-45.41	-0.06355685131195364	-0.17189683448212842
466	04320	76.7694	-18.66	0.010270270270270148	-0.025663680983377804
467	04339	70.4844	-21.95	0.04761904761904686	-0.08266053497124203
468	04360	65.6111	-37.63	0.16138888888888966	0.06265763661336803
469	04417	72.5803	-38.45		
470	10035	54.5333	9.55	-0.014173228346456634	-0.0842071666666565
471	10046	54.383	10.15		
472	10113	53.7139	7.15		
473	10184	54.0978	13.4	-0.005167958656330822	0.06589658072726816
474	10200	53.3894	7.22	0.04973821989528677	0.05420054200541882
475	10238	52.8153	9.92	0.006447368421052901	0.007671747446821616
476	10304	52.7156	7.31		
477	10338	52.467	9.7		
478	10384	52.483	13.41		
479	10410	51.4056	6.96	-1.5239522482790353e-16	-0.08180302318680086
480	10454	51.85	10.76		
481	10513	50.8667	7.13		
482	10548	50.5617	10.37	0.061923076923077955	0.09877532792205748
483	10618	49.6928	7.32	-0.16188405797101496	-0.09451283953218667
484	10771	49.4283	11.9	-0.06736694677871136	0.017078230028468488
485	10868	48.2442	11.55	0.014606741573033755	-0.0034360878034713693
486	10954	47.8342	10.86	-0.766666666666661	-0.7220137606666791
487	78897	16.2639	-61.51	0.28333333333333244	0.1756024894263559
488	91212	13.4767	144.79	-1.071676300578035	0.03080836440251637
489	16622	40.5272	22.97	0.23820224719101207	-0.1765431004347772
490	16716	37.8897	23.74	-0.052040816326530265	-0.028455472352920078
491	16754	35.3353	25.18	0.35662251655628985	0.07814169528301387
492	78641	14.5333	-90.56		
493	45004	22.3272	114.16	-0.03796296296296355	0.058926376574609945
494	94997	-53.1	73.71		
495	78501	17.4	-83.93		
496	78720	14.05	-87.25		
497	14240	45.8219	16.03	-0.06190476190476214	-0.06370646267403449
498	14430	44.0969	15.34	-0.061452513966480604	-0.09204114797580965
499	12843	47.4333	19.18	0.1253846153846153	0.02387168316496413
500	12982	46.25	20.1	0.6000000000000227	
501	04018	63.9806	-22.59	0.13767123287671218	0.07109543740158265
502	04089	65.2833	-14.4		
503	96011	5.5167	95.41		
504	96035	3.6403	98.87	-0.423430962343097	-0.32463562210227165
505	96147	3.95	108.38	0.1857894736842097	0.5370700530645086
506	96163	-0.7883	100.28	0.3890070921985808	0.03220705376958484
507	96237	-2.1667	106.13	-0.7654255319148935	-0.38209634347824717
508	96253	-3.8833	102.33		
509	96509	3.3333	117.56		
510	96581	-0.15	109.4		
511	96645	-2.7	111.7		
512	96749	-6.1167	106.65	-0.11728395061728394	-0.15564281914728834
513	96781	-6.9	107.58		
514	96805	-7.7333	109.01		
515	96935	-7.3772	112.79	-0.8212121212121201	-0.5141093363076906
516	97014	1.5333	124.91	0.15339233038348016	-0.1365489414885248
517	97072	-0.6833	119.73	-0.7261410788381728	-0.475580275932693
518	97180	-5.0667	119.55	-0.9196721311475412	-0.6256038884913314
519	97372	-10.1667	123.66	-0.9167464114832534	0.32473725632812767
520	97502	-0.8939	131.28		
521	97560	-1.1833	136.11	-2.2638297872340423	-0.662328951807231
522	97724	-3.7	128.08		
523	97900	-7.9833	131.3		
524	97980	-8.4667	140.38		
525	42027	34.0833	74.83	-0.2573033707865174	-0.8421252169014116
526	42056	32.6667	74.83		
527	42071	31.6333	74.86		
528	42079	31.5333	76.9		
529	42101	30.3333	76.46	-2.0637931034482766	3.2926538259999942
530	42111	30.3167	78.03		
531	42182	28.5833	77.2	1.574999999999999	0.5215037543642614
532	42299	27.3333	88.61		
533	42314	27.4833	95.01	0.09583333333333516	1.475986385294109
534	42339	26.3	73.01	0.04883720930232479	3.8851562333333276
535	42348	26.8167	75.8		
536	42361	26.2333	78.25		
537	42369	26.75	80.88	-0.74368932038835	1.6563136653571375
538	42379	26.75	83.36		
539	42399	26.5333	88.71		
540	42410	26.1	91.58	-5.400000000000006	
541	42492	25.6	85.16	-0.6299504950495037	1.4374750442658937
542	42516	25.5667	91.88		
543	42647	23.0667	72.63	9.400000000000006	
544	42667	23.2833	77.35		
545	42701	23.3167	85.31	-0.6892857142857147	1.684008276666655
546	42724	23.8833	91.25	-4.225000000000004	
547	42779	22.767	81.9		
548	42809	22.65	88.45	0.5802083333333368	2.281192944242442
549	42867	21.1	79.05	4.6000000000000085	
550	42874	21.2333	81.65	4.200000000000017	
551	42886	21.9167	84.08		
552	42909	20.9	70.36		
553	42971	20.25	85.83	-2.125471698113209	1.3374668478260812
554	43003	19.1167	72.85	-0.05000000000001137	
555	43014	19.85	75.4		
556	43041	19.0833	82.03		
557	43063	18.5333	73.85		
558	43110	16.9833	73.33		
559	43128	17.45	78.46	-0.12747252747252522	-1.171709351410245
560	43150	17.6833	83.3	-0.2524271844660183	0.42304986264367445
561	43181	16.533	80.8		
562	43185	16.2	81.15	-2.4144067796610194	2.7838547395238105
563	43192	15.4833	73.81	0.29460431654676333	0.370021947198353
564	43279	13.0	80.18	0.4605577689243028	0.5154289903782614
565	43285	12.95	74.83	7.800000000000011	
566	43295	12.9667	77.58	0.6288659793814427	0.6301909130434767
567	43311	11.1167	72.73	2.861111111111108	-8.652436578500016
568	43333	11.6667	92.71	0.17756097560975598	1.6291626525935339
569	43346	10.9167	79.83	-2.3937499999999994	-0.9858210999999978
570	43353	9.9333	76.23	1.6776119402985068	4.45188733136364
571	43369	8.3	73.15	0.02612612612612618	-0.7384242956834156
572	43371	8.4833	76.95	0.03930041152263403	2.340830072889909
573	61967	-7.3	72.4		
574	40706	38.0833	46.28		
575	40745	36.2667	59.63	-0.12549019607843082	-0.30367869452828633
576	40754	35.6833	51.31	-0.484656084656084	-0.5499228936220465
577	40766	34.35	47.15	-0.04862385321101032	-0.20273250857144923
578	40800	32.5175	51.7		
579	40809	32.8667	59.2		
580	40811	31.3333	48.66	0.0	
581	40821	31.9	54.28		
582	40841	30.25	56.96		
583	40848	29.5333	52.6		
584	40856	29.4667	60.88		
585	40875	27.2167	56.36		
586	40179	32.0	34.81	-0.511068702290077	-0.12920262293878204
587	40186	31.8667	34.68		
588	16045	45.9806	13.05	0.09748010610079613	0.08736324619511754
589	16080	45.4614	9.28	-0.10644257703081304	-0.031015842352940796
590	16113	44.5392	7.61	0.07797202797202761	-0.02356742995580915
591	16144	44.6539	11.62	0.004430379746835731	0.33323667314285865
592	16245	41.67	12.45	-0.09868421052631589	-0.07485663631578963
593	16320	40.6603	17.95	-0.09939939939940058	-0.04370538746032213
594	16420	38.2	15.55		
595	16429	37.9142	12.49	-0.16208609271523183	-0.15842683629629722
596	16546	39.3461	8.96	-0.13907185628742547	-0.06050821369638512
597	65578	5.25	-3.93	0.07080419580419571	0.11180306205348824
598	40642	33.033	40.28	-0.35555555555555113	0.5002168925000063
599	40648	33.37	43.57	-1.0	-0.9320219000000236
600	40650	33.3	44.4		
601	47401	45.415	141.67	0.13487179487179501	0.07385916696333626
602	47412	43.06	141.32	0.11413881748071995	0.023412892894739537
603	47418	42.9531	144.43		
604	47420	43.3333	145.58	0.3748717948717945	0.36649214659685836
605	47580	40.7053	141.37	0.2144329896907214	0.0641649963829827
606	47582	39.7175	140.09	0.0022020725388600154	0.08735162114091738
607	47590	38.267	140.9		
608	47600	37.3914	136.89	0.30539845758354656	0.3490710214255135
609	47646	36.0581	140.12	0.23556701030927882	0.10821235522426081
610	47678	33.1217	139.77	0.15833333333333285	0.025746485767118125
611	47681	34.7503	137.7	0.4467866323907459	0.34697039021276577
612	47696	35.28	139.67		
613	47744	35.4333	133.35		
614	47764	34.15	132.22		
615	47772	34.683	135.51		
616	47778	33.4503	135.75	0.27253886010362705	0.13962275789360262
617	47807	33.5822	130.37	0.26907216494845443	0.09659191326454043
618	47827	31.555	130.54	0.23187660668380525	0.12212734823698372
619	47881	34.133	134.6		
620	47909	28.3942	129.55	-0.018863049095607192	-0.09267602572441352
621	47918	24.3367	124.16	-0.01914062500000065	-0.019687146362902922
622	47931	26.35	127.75		
623	47936	26.2	127.68		
624	47938	26.717	127.78		
625	47945	25.8289	131.22	-0.10947368421052518	-0.14635941782608883
626	47963	30.483	140.3		
627	47971	27.0922	142.19	-0.07229381443298921	-0.055551356382983676
628	47981	24.783	141.33		
629	47991	24.2883	153.98	-0.04249329758713135	-0.25910018411764824
630	78397	18.0667	-76.85	-0.37692307692307847	-1.6936884188888714
631	01001	70.9397	-8.66	-0.11845730027548233	-0.19264497815204265
632	40265	32.3667	36.25		
633	91275	16.7333	-169.51		
634	63612	3.117	35.61		
635	63723	-0.467	39.63		
636	63741	-1.3036	36.75	3.5999999999999943	
637	36974	41.433	76.0		
638	38353	42.833	74.58		
639	38613	40.917	72.95		
640	47041	39.9333	127.55		
641	47058	39.0333	125.78	1.0399999999999978	-2.372500300000013
642	91492	2.0	-157.4		
643	91610	1.35	172.91		
644	91701	-2.767	-171.71		
645	47090	38.2508	128.56	0.14715025906735799	0.19442861810667197
646	47102	37.966	124.63	0.0871934604904626	0.14917269624793836
647	47122	37.0833	127.03	-1.464553314121037	-0.04720538979166648
648	47138	36.0319	129.38	0.17090909090909004	0.18647142581550002
649	47158	35.1167	126.8	-1.1351498637602178	-0.022473939301388413
650	47161	35.083	128.08		
651	47169	34.6872	125.45	0.3275064267352192	0.23301249071658
652	47185	33.2939	126.16	0.13681462140992132	0.009792833010753035
653	40582	29.2425	47.97	-0.4385542168674698	-0.5037753751173925
654	35108	51.25	51.4		
655	35229	50.2833	57.15	0.4957575757575753	-0.03253374162454758
656	35361	50.133	65.23		
657	35394	49.8	73.15	0.5235521235521251	-0.07967049129670542
658	35671	47.8	67.71	0.45364238410596025	-0.07096057654272381
659	35700	47.1167	51.91	0.5215277777777781	-0.0590056809954791
660	35746	46.783	61.65		
661	35796	46.8	75.08		
662	36003	52.3	76.93	0.41602787456446055	0.25164558507018026
663	36177	50.417	80.3		
664	36859	44.167	80.06		
665	38064	44.7667	65.51		
666	38341	42.85	71.3	0.4498245614035089	0.04835197284298058
667	48940	17.95	102.56		
668	40100	33.817	35.48		
669	26406	56.483	21.01		
670	26422	56.917	23.96		
671	26435	56.6425	25.12	0.4000000000000199	0.3627912030000289
672	26629	54.8839	23.83		
673	11952	49.0333	20.31	0.03711340206185539	0.07025251765013463
674	62010	32.6833	13.16	-0.6235294117647047	-1.2663753209999882
675	62011	32.9	13.28		
676	62019	31.2	16.58		
677	62053	32.1	20.26	2.13	0.9636363636363631
678	62062	32.1	23.93		
679	62103	30.133	9.5		
680	62124	27.0167	14.45		
681	62271	24.217	23.3		
682	67083	-18.8	47.48	-0.34252199413489653	-0.4280473738629165
683	67197	-25.0333	46.95	-0.21584507042253284	-0.201753791317852
684	33815	47.017	28.86		
685	44212	49.8	92.08	1.5499999999999972	
686	44231	49.6333	100.16		
687	44259	48.0833	114.55		
688	44277	46.4	96.25		
689	44288	46.2667	102.78		
690	44292	47.9167	106.86	-0.3386666666666675	0.058289100766907756
691	44354	44.9	110.11		
692	44373	43.5833	104.41		
693	67586	-13.783	33.76		
694	13586	41.95	21.63		
695	61202	20.2	0.98		
696	61223	16.7167	-3.0		
697	61291	12.5333	-7.95	0.18763636363636352	-0.22684588410699086
698	60155	33.5667	-7.66		
699	60191	32.367	-6.4		
700	60250	30.383	-9.56		
701	60252	30.333	-9.41		
702	61995	-20.2975	57.49	0.0	-0.05728339999998866
703	91066	28.2	-177.38		
704	61401	25.233	-11.61		
705	61415	20.9333	-17.03		
706	61442	18.1	-15.95		
707	16597	35.85	14.48		
708	41256	23.5953	58.29	-0.04444444444444508	-0.08908682666665868
709	41288	20.667	58.9		
710	41316	17.0439	54.1	-0.5999999999999943	
711	43555	4.1917	73.52		
712	43599	-0.6933	73.15		
713	76151	28.883	-118.3		
714	76225	28.6667	-106.03	-0.06011235955056173	0.037602029374985496
715	76256	27.95	-110.8	0.02809917355372023	0.2544635826021429
716	76382	25.533	-103.45		
717	76394	25.8667	-100.23	-0.13518518518518566	-0.26082416451765933
718	76405	24.1167	-110.31	-0.2432203389830517	0.29679342499998995
719	76458	23.2167	-106.4	-0.02027027027027005	0.5423027979956377
720	76491	23.73	-99.11		
721	76595	21.0167	-86.85	3.1999999999999886	2.7912217749999826
722	76612	20.7	-103.38		
723	76644	20.95	-89.65	-0.24946808510638357	-0.5305438016976581
724	76654	19.0667	-104.33	0.024125874125873352	0.2329806020325333
725	76679	19.4333	-99.13	0.01317567567567512	0.2387254480084652
726	76692	19.15	-96.13	-0.17088353413654647	-0.07579032848167865
727	76723	18.717	-110.95		
728	76743	17.9833	-92.93	0.7214285714285721	0.798405099666678
729	76805	16.75	-99.75	0.07083333333333404	0.4597092030000042
730	76903	14.9167	-92.25		
731	48601	5.3	100.26	-0.08919860627177649	0.07846693584234019
732	48615	6.1667	102.28	-0.22417582417582424	-0.2775430372512441
733	48647	3.117	101.55		
734	48648	3.1	101.65		
735	48650	2.7167	101.7	0.1149206349206347	0.03653149474007627
736	48657	3.7833	103.21	-0.07569721115537961	-0.1819213191560717
737	96413	1.4833	110.33	-0.2849498327759196	-0.2154363408327897
738	96441	3.2	113.03	-0.3387205387205383	-0.04849843017168479
739	96471	5.9333	116.05	0.17385159010600762	0.3519024139111098
740	96481	4.2667	117.88	-0.016356877323420095	-0.31647410848847785
741	67237	-15.1	39.28		
742	67341	-25.917	32.56		
743	91592	-22.2761	166.45	0.24682997118155564	0.164487317046142
744	94996	-29.0389	167.94		
745	61024	16.9667	7.98		
746	61052	13.4833	2.16	0.08038922155688706	-0.05909041785623666
747	91557	-17.7	168.3		
748	65046	12.05	8.53		
749	65123	9.617	6.53		
750	65125	9.25	7.0		
751	65202	6.5	3.38		
752	06235	52.9269	4.78		
753	06260	52.0989	5.17	0.09664804469273797	0.08704266923077564
754	78866	18.0333	-63.11	0.626470588235297	-0.10620240471699265
755	01010	69.3153	16.13		
756	01152	67.2669	14.35		
757	01384	60.2	11.08		
758	01400	56.5422	3.22	0.06570397111913281	-0.07117296846156215
759	01492	59.9428	10.71		
760	44454	27.7	85.36		
761	91532	-0.5167	166.91	-0.5896381578947368	-0.4101683722222047
762	01241	63.7056	9.61	-0.01736111111111042	0.030461775820885023
763	01415	58.8742	5.66	0.03399433427761967	0.05964935281900369
764	78741	12.15	-86.16		
765	93012	-35.1	173.26		
766	93112	-36.7928	174.62	-0.20000000000000068	-0.1396316269565182
767	93417	-40.9044	174.98	0.1026455026455026	0.12847490868132255
768	93844	-46.4108	168.31	-0.06076487252124578	-0.040433627485028836
769	93997	-29.2447	-177.92		
770	62840	9.55	31.65		
771	86218	-25.2333	-57.51		
772	84378	-3.7333	-73.25		
773	84416	-5.1833	-80.6		
774	84628	-12.0167	-77.11		
775	84629	-12.15	-77.0	0.49999999999999434	0.4719549199999875
776	59981	16.8333	112.33	-0.48764044943820206	0.1321967772869815
777	41529	34.0333	71.93		
778	41594	32.05	72.66		
779	41640	31.55	74.33	0.799999999999987	1.2194322499999828
780	41661	30.2667	66.91		
781	41675	30.2	71.43		
782	41756	25.0667	61.8		
783	41780	24.9	67.13		
784	12105	54.2	16.18		
785	12120	54.7536	17.53	-0.04455958549222824	-0.028164578793097375
786	12330	52.417	16.85		
787	12374	52.4078	20.95	0.19680306905370884	0.22092161907216604
788	12425	51.1131	16.88	0.005208333333333481	0.03952708666669089
789	03751	50.28	21.43		
790	78807	8.9667	-79.56	-0.4382608695652189	-0.2059995343689359
791	08507	39.0833	-28.03	-0.017836257309942417	-0.03369501536496748
792	08508	38.7678	-27.08		
793	08522	32.6333	-16.9		
794	08579	38.7667	-9.13		
795	92035	-9.3833	147.21		
796	92044	-2.05	147.41	-0.2579787234042546	-0.3063123859664017
797	94027	-6.733	147.0		
798	41169	25.2731	51.6		
799	61980	-20.8925	55.52		
800	13388	43.3333	21.9		
801	91250	11.35	162.35		
802	91366	8.7333	167.73		
803	91376	7.0683	171.29	-1.3635989010989005	-0.29456876514705677
804	15120	46.7778	23.57		
805	15420	44.5106	26.07	-0.08130081300812993	-0.20741641606935649
806	15480	44.217	28.63		
807	98223	18.1828	120.53		
808	98233	17.6375	121.75		
809	98327	15.167	120.56		
810	98328	16.4039	120.6		
811	98426	14.8	120.26		
812	98433	14.5814	121.36		
813	98444	13.1506	123.72		
814	98618	9.7403	118.75		
815	98646	10.3222	123.98		
816	98747	8.4089	124.61		
817	98836	6.9	122.06		
818	78526	18.4317	-65.99	0.516094986807388	-0.3867379193460535
819	20046	80.6264	58.05	-0.009447004608295246	0.05621728665492914
820	20047	80.45	52.8		
821	20069	79.5	76.98		
822	20274	77.5	82.23		
823	20292	77.7131	104.29		
824	20353	76.95	68.58		
825	20667	73.33	70.03		
826	20674	73.5136	80.4	0.08512269938650255	0.14035991820906038
827	20744	72.3667	52.7	0.4298507462686573	0.5694511470270343
828	20891	71.9772	102.46	-0.040340909090909705	0.1900163632262785
829	21358	76.15	152.83		
830	21432	76.0	137.86		
831	21504	74.67	112.93		
832	21647	73.2	143.53		
833	21824	71.5833	128.91	-0.5331501831501837	0.015672135685781984
834	21946	70.6167	147.88	-0.44623493975903605	0.10524718197758465
835	21965	70.63	162.4		
836	21982	70.967	-178.65		
837	22113	68.9833	33.11	0.4146067415730333	-0.04537745172392755
838	22165	68.65	43.3		
839	22217	67.1692	32.35	0.6281524926686199	0.11587699311666522
840	22271	67.8767	44.17	0.4782352941176458	0.2213088255808345
841	22522	64.95	34.65	0.5142642642642639	0.06278005944680781
842	22543	64.6247	40.51	0.3232142857142857	-0.0011395325273248816
843	22802	61.717	30.71		
844	22820	61.8167	34.26	0.5931972789115652	0.19179649011063213
845	22845	61.5067	38.93	0.3470085470085459	0.10609642321511524
846	23022	69.783	61.78		
847	23074	69.4	86.17		
848	23078	69.3472	88.26	0.12915129151291502	0.23052939020737181
849	23146	68.47	73.6		
850	23205	67.625	53.01	0.3194968553459114	0.15039180534999982
851	23274	67.47	86.57		
852	23330	66.5319	66.67	0.09750733137830028	0.008185746843852062
853	23415	65.1167	57.1	0.2443749999999998	0.04530077537248628
854	23472	65.7944	87.98	0.1633986928104577	0.13674833812601808
855	23552	64.917	77.81		
856	23802	61.6767	50.78	0.3782729805013932	-0.06475105073780363
857	23884	61.5806	90.03	0.05857988165680435	0.1105806875399403
858	23921	60.6833	60.45	0.2580779944289698	0.05433829605504877
859	23933	61.0278	69.11	0.3330508474576264	0.516282310640172
860	23955	60.4333	77.86	0.04705882352941135	-0.03975347327703172
861	24125	68.5	112.43	-0.3745454545454546	0.04124377854838994
862	24266	67.5667	133.4	-0.6138686131386852	-0.06841849757360373
863	24343	66.7667	123.4	-0.27768456375838946	0.042823245224999695
864	24507	64.2694	100.21	-0.09632653061224487	0.07745396954695594
865	24641	63.7833	121.61	-0.22897196261682234	0.17577621414286101
866	24688	63.25	143.15	-0.7295389048991358	-0.05883122916128523
867	24726	62.5333	113.86	-0.18871595330739366	-0.012310094265192735
868	24790	62.7833	148.13		
869	24793	62.85	149.76		
870	24817	61.267	108.2		
871	24908	60.3361	102.29	-0.031055900621117835	0.055215357014702184
872	24944	60.3667	120.41	-0.27250000000000024	0.09610839107010512
873	24959	62.0167	129.71	-0.6570570570570559	0.07413238118150654
874	25042	69.9333	167.96		
875	25123	68.75	161.28	-0.6194630872483221	0.0627813770308683
876	25173	68.92	-179.48		
877	25399	66.167	-169.83		
878	25400	65.7333	150.9	-1.2472222222222225	-0.05741501631687633
879	25428	65.2333	160.53	-0.7412844036697261	0.6285282795238065
880	25551	64.683	170.41		
881	25563	64.7833	177.56		
882	25594	64.383	-173.23		
883	25677	63.017	179.28		
884	25703	62.9167	152.41	-0.5870056497175131	0.14210123878729777
885	25822	61.95	160.86		
886	25913	59.55	150.78	-0.8731301939058167	0.10804934149122478
887	25954	60.35	166.0		
888	26063	59.95	30.7	0.6508875739644968	0.002931944645056284
889	26258	57.817	28.33		
890	26298	57.8833	34.03	0.5782178217821778	0.04527025781987729
891	26477	56.35	30.61	0.8979591836734693	0.035608189383389034
892	26781	54.75	32.06	0.8772222222222238	0.12456606691768712
893	27038	59.3183	39.92	0.7181818181818174	0.04182452837579161
894	27199	58.5667	49.56	0.4472144846796672	0.028777493985406973
895	27595	55.6075	49.29	0.46379928315412056	-0.07535029082524962
896	27730	54.6333	39.7	0.7972508591065284	0.20268743510923762
897	27944	52.733	41.46		
898	27962	53.1228	45.01	0.8377906976744184	0.07618778088026426
899	27995	52.9833	49.43	0.5970674486803526	-0.014630153897686076
900	28225	57.9583	56.19	0.4517647058823531	0.04883078514018811
901	28275	58.15	68.25	0.24658703071672344	0.05833346214222262
902	28445	56.7333	61.06	0.46711864406779696	0.09600101207792798
903	28661	55.4567	65.4	0.4669075144508671	0.2597034636146524
904	28722	54.7106	55.81	0.3121212121212103	0.35865951939473684
905	28900	53.25	50.45		
906	29231	58.3167	82.95	-0.009523809523808982	0.05538811627123315
907	29263	58.4528	92.2	-0.03166666666666629	0.1188624237353679
908	29282	58.3833	97.45	0.04328767123287581	0.1280108159924173
909	29572	56.1806	92.6	0.22633928571428566	0.20492347268445313
910	29612	55.3544	78.3	0.1398328690807799	0.08412912519584242
911	29634	54.9667	82.95	-0.10760233918128807	-0.001712809447367946
912	29698	54.8833	99.03	-0.1512987012987011	0.03802468769523776
913	29839	53.5	83.83	0.10228571428571448	0.09870946472100484
914	29862	53.7667	91.31	-0.24855072463768113	-0.048053772640736035
915	30054	59.45	112.58	-0.14793650793650728	0.28103868746565125
916	30230	57.7667	108.06	-0.17317073170731667	0.21196784242065464
917	30309	56.2833	101.75	-0.0966153846153842	0.05489534434066712
918	30372	56.9	118.26	-0.25840707964601745	0.15110201356711478
919	30521	54.8	105.16		
920	30554	54.4667	113.58	-0.31619718309858996	0.17769092013953405
921	30635	53.4167	109.01		
922	30636	53.6167	109.63		
923	30673	53.75	119.73	-0.2354545454545468	0.531782193679997
924	30692	54.0	123.96		
925	30710	52.267	104.31		
926	30715	52.4833	103.85	-0.40491803278688504	0.09301336038548008
927	30758	52.0833	113.48	-0.04647887323943418	0.3599065151212102
928	30935	50.3667	108.75	-0.7924050632911394	0.118191183767744
929	30965	50.4	116.51	-0.40348837209302363	0.038222550536185965
930	31004	58.6167	125.36	-0.5952238805970147	-0.008276653257837947
931	31088	59.3667	143.2	-0.7782608695652172	0.07261656488609151
932	31168	56.45	138.15	-0.8812499999999994	0.18650156780487406
933	31300	53.7414	127.27	-0.5384057971014501	0.3360589477207227
934	31329	53.067	132.98		
935	31369	53.1475	140.69	-0.6586319218241042	0.1997596272715965
936	31510	50.2803	127.47	-0.9999999999999997	-0.13199140866666526
937	31538	50.0667	132.13	-0.6094395280235988	-0.09251124279797932
938	31561	50.6	137.03	-0.952830188679244	-0.4962195964102508
939	31707	47.733	130.96		
940	31736	48.5333	135.23	-0.7622895622895624	0.03958223000416415
941	31770	49.0	140.3	-0.6524137931034475	0.16696147372244946
942	31873	45.8667	133.73	-0.7968750000000002	0.047474370599234816
943	31909	45.0	136.6		
944	31977	43.2667	132.05	-0.4877551020408165	0.05352508564934966
945	32061	50.9	142.16	-0.6328382838283834	0.20473819075812014
946	32098	49.2167	143.1	-0.6240196078431381	0.16938504875038474
947	32099	48.65	144.75		
948	32150	46.95	142.71	-0.5462686567164186	0.16519053441860862
949	32165	44.017	145.86		
950	32186	46.2	150.5		
951	32195	46.85	151.86		
952	32215	50.6833	156.13	-0.49876543209876434	0.21297215110345027
953	32217	50.017	155.4		
954	32389	56.3167	160.83	-0.9953352769679303	0.012026694885479517
955	32477	54.3	155.91	-0.9486725663716827	0.25967087853067183
956	32540	53.0833	158.58	-0.6336231884057968	0.06733578125245888
957	32618	55.2	165.98		
958	34009	51.7667	36.16	0.9280235988200597	0.1595396369934632
959	34139	51.1833	40.7		
960	34172	51.5567	46.03	0.8672043010752694	-0.034080270790545805
961	34247	50.4167	41.05	0.9268041237113406	0.09127419186351769
962	34467	48.7833	44.33	0.8750000000000003	0.07930420393333726
963	34731	47.25	39.81	0.7077490774907743	0.004596523082999008
964	34858	45.9167	43.35	0.6646048109965634	-0.09465782108696688
965	34866	46.18	45.35		
966	34882	46.2833	47.98	0.6706521739130431	-0.04484753057587154
967	35121	51.6925	55.07	0.41010638297872365	-0.09487561324437623
968	36096	51.7103	94.49	-0.1971571906354509	-0.16128971502478795
969	36259	50.0	88.66		
970	37011	44.1	39.03	0.7857566765578637	-0.0360313456097553
971	37055	44.2167	43.1	0.9227272727272727	-0.08691265597473465
972	37259	43.0	47.5	0.7922907488986779	-0.3224754374706019
973	40373	28.3167	46.13	0.10419580419580324	0.04723483773586571
974	40375	28.3833	36.6	-0.18713080168776322	-0.10280774894735137
975	40394	27.4333	41.68	0.03498098859315542	-0.06430205063413003
976	40400	26.2	36.48		
977	40416	26.267	50.16		
978	40417	26.45	49.81	0.1799180327868863	0.01205929142858817
979	40430	24.55	39.7	-0.2483002832861194	-0.2746374700890201
980	40437	24.9333	46.71	-0.13364928909952561	-0.12432261698794025
981	41024	21.7	39.18	-0.5957928802589005	-0.6580103632374239
982	41112	18.2333	42.65	-0.22983870967741882	-0.5148960699964009
983	41140	16.883	42.58		
984	63985	-4.6833	55.51	-0.09473684210526376	0.2590886533571423
985	68174	-23.8667	29.45		
986	68263	-25.91	28.21	0.37098039215686307	0.27709242096698206
987	68424	-28.4136	21.25	-0.162992125984253	-0.06145833333333517
988	68442	-29.1	26.3	-0.12200000000000014	-0.5666585884245237
989	68461	-28.25	28.33		
990	68512	-29.6719	17.88	0.5500000000000114	
991	68538	-30.6747	23.99	-0.0347826086956502	0.21261076192453474
992	68588	-29.9667	30.95	-0.017356687898090223	-0.08178049492056606
993	68592	-29.6017	31.13	1.2384615384615358	1.1499999999999961
994	68816	-33.97	18.6	-0.13038194444444487	-0.020000000000000687
995	68842	-33.9844	25.61	0.06171428571428546	0.11986301369863073
996	68994	-46.8831	37.86	0.04267515923567008	0.034300341296929625
997	61641	14.73	-17.5	-0.11204188481675395	-0.03593157744682323
998	61687	13.7697	-13.67		
999	61901	-15.9419	-5.66		
1000	61902	-7.9667	-14.4		
1001	68906	-40.35	-9.88	-0.2613899613899611	-0.10847237292887353
1002	14015	46.0656	14.51		
1003	48698	1.3667	103.98	0.10341207349081337	-0.22755710352892397
1004	08001	43.3658	-8.42	0.16458333333333233	-0.07952944161288698
1005	08023	43.4911	-3.8	-0.1675840978593275	-0.15589260027399054
1006	08160	41.6786	-1.07	-0.1333333333333345	0.15395611708029647
1007	08190	41.3844	2.11	0.12386018237081954	0.06961280882781135
1008	08221	40.4653	-3.57	-0.08033240997229996	-0.018651971641793014
1009	08302	39.6058	2.7	-0.13513513513513498	-0.2038720670655339
1010	08430	38.0019	-1.17	0.3163636363636364	0.07226484888890125
1011	60018	28.3183	-16.38	-0.048192771084337435	0.09277372871524175
1012	62641	19.583	37.21		
1013	62650	19.167	30.48		
1014	62721	15.6	32.55		
1015	62760	13.617	25.33		
1016	01004	78.9233	11.92	2.7333333333333294	2.813375320000006
1017	01028	74.5039	19.0	0.07087912087912215	0.04712421571427176
1018	20107	78.07	14.22		
1019	02185	65.5433	22.11	-0.028571428571431006	0.2352514599999836
1020	02365	62.5317	17.43	0.07073954983922794	0.08912675306473732
1021	02527	57.6572	12.29		
1022	02591	57.65	18.35	0.08402366863905336	0.07677358884981492
1023	88968	-60.75	-44.71		
1024	40007	36.333	37.21		
1025	40080	33.417	36.51		
1026	06610	46.8117	6.94	-0.027005347593582873	0.17479383058400266
1027	78970	10.6167	-61.35	1.6374999999999957	0.3459108236363694
1028	61976	-15.8878	54.52		
1029	48327	18.7706	98.96		
1030	48354	17.3769	102.8		
1031	48407	15.25	104.86		
1032	48453	13.6664	100.6	1.0250000000000057	
1033	48565	8.145	98.31		
1034	48568	7.1819	100.6		
1035	38836	38.55	68.78		
1036	38954	37.5	71.5		
1037	78118	21.45	-71.15		
1038	60715	36.8333	10.23	0.2777777777777778	0.3068573911764695
1039	60760	33.9167	8.16	-0.16764705882353242	0.1334078600000036
1040	17030	41.2833	36.3	-0.002316076294277991	0.0236672869014068
1041	17064	40.9	29.15	0.11072463768115816	0.1466351277918109
1042	17095	39.9	41.28	0.22716763005780427	0.07140329003184426
1043	17130	39.95	32.88	-0.14535519125683002	-0.1945856916901529
1044	17195	38.817	35.43		
1045	17220	38.4333	27.16	-0.10564971751412496	-0.12329341962610811
1046	17240	37.75	30.55	0.02528735632183895	-0.04009519672954683
1047	17281	37.9	40.2	-0.09186046511627897	-0.17299230453415923
1048	17351	36.9833	35.35	-0.18787878787878823	-0.1927401663768189
1049	91643	-8.5167	179.21	-0.6166666666666648	
1050	46780	22.6833	121.5	-0.28405797101449265	-0.11154494530612227
1051	58968	25.0333	121.51	-0.7668493150684927	-0.025391395441173487
1052	59559	22.0	120.75		
1053	38392	41.833	59.98		
1054	38507	40.0333	52.98		
1055	38687	39.083	63.6		
1056	38750	37.467	53.96		
1057	38880	37.987	58.36		
1058	38989	35.9	62.96		
1059	63832	-5.083	32.83		
1060	63894	-6.8667	39.2		
1061	78988	12.2	-68.96	1.7866666666666597	1.5908385038461508
1062	63705	0.05	32.45		
1063	03005	60.1392	-1.18	0.03523035230352327	0.039931670558670446
1064	03026	58.217	-6.31		
1065	03171	56.383	-2.86		
1066	03238	55.0197	-1.88	0.0439393939393936	-0.04765420712328569
1067	03240	55.417	-1.6		
1068	03354	53.0056	-1.25	0.0782608695652172	0.1991451821678401
1069	03414	52.8	-2.66		
1070	03496	52.67	1.68		
1071	03502	52.1394	-4.57		
1072	03590	52.117	0.96		
1073	03649	51.75	-1.58		
1074	03693	51.5547	0.82		
1075	03743	51.2017	-1.8		
1076	03808	50.2183	-5.32	0.014594594594593228	0.04953150201114663
1077	03882	50.8994	0.31	0.10357142857142675	-0.11387340693579387
1078	03918	54.5	-6.33	0.021292775665399433	-0.04512607814815044
1079	33966	45.0464	34.59		
1080	33317	50.1667	27.03		
1081	33345	50.4	30.56	0.787867647058824	-0.14623413407475794
1082	33393	49.8167	23.95		
1083	33631	48.633	22.26		
1084	33658	48.3667	25.9		
1085	33791	48.0333	33.21		
1086	33837	46.4333	30.76		
1087	33946	44.6833	34.13		
1088	34300	49.9667	36.13		
1089	70026	71.2889	-156.78	-0.5216	-0.2603946677622968
1090	70086	70.1333	-143.63		
1091	70133	66.8864	-162.61	0.0006134969325163487	-0.037490700712135804
1092	70200	64.5072	-165.43	0.21111111111111114	0.2829451912057786
1093	70204	63.85	-171.6		
1094	70219	60.785	-161.84	0.08174386920980911	0.160984988697328
1095	70231	62.9583	-155.59	-0.09473684210526367	-0.05603080114053964
1096	70261	64.8161	-147.87	0.1346260387811638	0.17300399326191698
1097	70273	61.1567	-149.98	0.14999999999999947	0.11310196307211882
1098	70291	62.97	-141.96		
1099	70326	58.6794	-156.66	0.15264797507788197	0.13085605793102378
1100	70361	59.5167	-139.66	0.05584415584415645	-0.002124236433977054
1101	70381	58.37	-134.58		
1102	70398	55.0389	-131.57	-1.1048913043478268	-0.4252658247442512
1103	70409	52.8	173.16		
1104	70414	52.7167	174.1	2.0	
1105	70439	51.3833	179.25		
1106	70454	51.883	-176.65		
1107	70485	53.38	-167.9		
1108	70489	53.9	-166.53		
1109	72201	24.5531	-81.78	0.28134715025906704	-0.05417712636363937
1110	72202	25.7544	-80.38	-0.16737967914438448	-0.05334298809551702
1111	72203	26.6847	-80.09		
1112	72206	30.4839	-81.7	-0.20829015544041496	-0.10071274269149139
1113	72208	32.895	-80.02	-0.16094986807387915	-0.21948772760220797
1114	72210	27.7053	-82.4	-0.22701298701298636	-0.2760726001099217
1115	72213	31.25	-82.4		
1116	72214	30.4461	-84.29	-0.09599999999999878	-0.13805697593142707
1117	72215	33.3558	-84.56	-0.2251366120218574	-0.28191942282647064
1118	72220	29.733	-85.03		
1119	72221	30.4833	-86.51	0.304761904761905	-0.17484728666666172
1120	72222	30.35	-87.31		
1121	72224	29.6833	-85.35		
1122	72226	32.3	-86.4		
1123	72229	32.9	-87.25		
1124	72230	33.1789	-86.78	0.03396226415094361	-0.09430545777500346
1125	72231	29.98	-90.25		
1126	72232	29.3333	-89.4		
1127	72233	30.3369	-89.82	-0.06409921671018287	-0.03874230478237184
1128	72235	32.3189	-90.08	0.008854166666667421	0.0877551611018949
1129	72240	30.1253	-93.21	0.10844504021447703	0.05100192216246785
1130	72244	30.63	-96.48		
1131	72247	32.35	-94.65		
1132	72248	32.4511	-93.84	0.014025974025974336	-0.1456868401477216
1133	72249	32.835	-97.29	0.19736842105263225	0.18089473374380413
1134	72250	25.9167	-97.41	0.00633245382585776	-0.008941273634407417
1135	72251	27.7789	-97.5	0.13558441558441725	-0.013539034005092317
1136	72253	29.5333	-98.46		
1137	72255	28.85	-96.91		
1138	72256	31.617	-97.21		
1139	72260	32.2167	-98.18		
1140	72261	29.3744	-100.91	0.14961038961038908	0.02398854098395522
1141	72263	31.4167	-100.4		
1142	72265	31.9425	-102.18	0.492761394101877	0.18870886413841903
1143	72266	32.4167	-99.68		
1144	72269	32.4	-106.36		
1145	72273	31.583	-110.33		
1146	72274	32.2278	-110.95	0.07704485488126624	-0.07747462259944551
1147	72278	33.433	-112.2		
1148	72280	32.65	-114.6		
1149	72293	32.8333	-117.11	-0.8030848329048841	0.01272755068964889
1150	72295	33.933	-118.4		
1151	72297	33.82	-118.15		
1152	72304	35.2667	-75.55		
1153	72305	34.7761	-76.87	-0.33441558441558505	-0.1930364417824492
1154	72308	36.8833	-76.2		
1155	72311	33.95	-83.31		
1156	72317	36.0981	-79.94	0.0317460317460316	-0.10621656400550165
1157	72318	37.2039	-80.41	-0.02479784366576801	0.017951606415529887
1158	72327	36.2469	-86.56	0.051546391752578274	0.012262661180851156
1159	72340	34.835	-92.25	0.26230366492146495	0.12328314082191595
1160	72344	35.3333	-94.36		
1161	72349	36.8833	-93.9		
1162	72352	34.65	-99.26		
1163	72353	35.383	-97.6		
1164	72355	34.65	-98.4		
1165	72357	35.1808	-97.43	0.39045092838196294	0.23699799405849173
1166	72363	35.2331	-101.7	0.43510638297872334	0.15585835652010674
1167	72364	31.8728	-106.69	0.08654353562005265	-0.1063686591562072
1168	72365	35.0378	-106.62	0.17922077922077842	0.02371679267116204
1169	72374	35.0281	-110.72		
1170	72376	35.23	-111.82	-0.011239193083573176	-0.05860567517181128
1171	72381	34.9167	-117.9	0.774999999999995	0.3900481166666718
1172	72385	36.95	-116.05		
1173	72387	36.6206	-116.02	-0.8431818181818186	-0.9109306386073595
1174	72391	34.1167	-119.11	0.0	0.1463681500000007
1175	72393	34.75	-120.56	-0.36551724137931213	0.6881092718750068
1176	72402	37.9333	-75.48	-0.41089238845144316	-0.4392419531436523
1177	72403	38.9767	-77.48	-0.1771428571428571	-0.1735508803233777
1178	72405	38.85	-77.03		
1179	72407	39.45	-74.66		
1180	72409	40.03	-74.31		
1181	72425	38.3667	-82.55		
1182	72426	39.4214	-83.82	-0.07018716577540184	-0.1441595329261222
1183	72433	38.65	-88.96		
1184	72435	37.0667	-88.76		
1185	72440	37.2347	-93.4	0.10412371134020708	-0.035416993549336195
1186	72445	38.817	-92.21		
1187	72451	37.7614	-99.96	-0.12910052910052922	0.20471052708839843
1188	72455	39.1	-96.76		
1189	72456	39.0722	-95.63	0.040547945205479795	0.010600296973834133
1190	72465	39.367	-101.7		
1191	72469	39.7675	-104.86	0.5030769230769238	0.3101021084210414
1192	72476	39.12	-108.52	0.2087403598971722	0.09940325566753838
1193	72481	37.3667	-120.56		
1194	72485	38.0667	-117.08		
1195	72486	39.295	-114.84		
1196	72489	39.5681	-119.79	0.11834625322997419	0.08952584537435233
1197	72493	37.7444	-122.22	0.06575342465753417	-0.04309548331428841
1198	72497	39.7833	-121.85		
1199	72501	40.865	-72.86	-0.22146892655367137	-0.17283179293271225
1200	72503	40.7833	-73.86		
1201	72506	41.25	-70.06		
1202	72518	42.6919	-73.83	-0.15956284153005504	-0.15372437130409283
1203	72520	40.5317	-80.21	0.03174386920980866	-0.26969074035954715
1204	72528	42.9411	-78.71	0.047112860892388794	-0.03722318431334499
1205	72531	40.3	-88.15		
1206	72532	40.6667	-89.68		
1207	72534	41.783	-87.75		
1208	72536	41.6	-83.8		
1209	72537	42.3167	-83.23		
1210	72545	42.0833	-91.61		
1211	72548	42.55	-92.4		
1212	72558	41.32	-96.36	0.19426666666666642	0.09538391887324114
1213	72562	41.1328	-100.7	0.21578947368421106	-0.02443804781110362
1214	72572	40.7722	-111.95	0.2766318537859001	0.15397149353116124
1215	72575	41.1833	-112.01		
1216	72576	42.8167	-108.73		
1217	72582	40.86	-115.74	0.33454545454545426	-0.013630674971310557
1218	72583	40.9019	-117.8		
1219	72597	42.3769	-122.88	0.007936507936508463	-0.11075176565228874
1220	72632	42.6989	-83.47	-0.04512534818941477	-0.11528270056795448
1221	72634	44.9075	-84.71	-0.0686170212765957	-0.05824267902793713
1222	72637	42.9667	-83.75		
1223	72645	44.4986	-88.11	0.07474226804123602	-0.04100301595026904
1224	72649	44.8497	-93.56	0.06105263157894696	-0.00789703582514763
1225	72654	44.3833	-98.21		
1226	72655	45.55	-94.06		
1227	72659	45.4556	-98.41	-0.07728459530026101	-0.14348219518542663
1228	72662	44.0728	-103.21	0.2878306878306875	0.1947469033988728
1229	72672	43.0647	-108.47	0.11440217391304315	0.11290215002470833
1230	72681	43.5672	-116.21	0.10871794871794836	0.04874877035170766
1231	72694	44.9092	-123.0	0.08691099476439862	-0.000692242237046673
1232	72698	45.5333	-122.68		
1233	72712	46.8683	-68.01	0.49501312335957953	-0.17738552811989236
1234	72747	48.5647	-93.39	-0.09510869565217399	-0.04827699497734413
1235	72764	46.7717	-100.75	-0.05931758530183666	-0.11268877998641057
1236	72768	48.2067	-106.62	0.05382585751978893	-0.20402564485519004
1237	72776	47.4614	-111.38	-0.6391483516483512	-0.07817574504398915
1238	72786	47.6806	-117.62	0.3803617571059436	0.26134796805356697
1239	72792	46.9667	-122.9		
1240	72793	47.45	-122.3		
1241	72797	47.9339	-124.56	0.05549295774647852	-0.09589456542747091
1242	72798	48.3833	-124.73		
1243	74001	34.6	-86.63		
1244	74002	39.5	-76.16		
1245	74003	40.1667	-112.93		
1246	74004	32.8356	-114.4	0.16500000000000198	0.9639255722353054
1247	74005	32.8636	-114.03		
1248	74389	43.8925	-70.25	0.0448453608247417	-0.22949033581102252
1249	74455	41.6114	-90.58	0.11559999999999991	0.127835483193177
1250	74479	40.433	-80.0		
1251	74482	41.5	-74.1		
1252	74486	40.65	-73.78		
1253	74494	41.6569	-69.95	0.02096774193548413	-0.017967146163384465
1254	74560	40.1517	-89.33	0.008021390374330487	-0.15882303990228835
1255	74570	39.8333	-84.05		
1256	74612	35.6833	-117.68		
1257	74626	33.45	-111.95	0.19759036144578285	0.3490501302702903
1258	74630	33.8	-106.66		
1259	74631	33.167	-106.5		
1260	74641	36.2969	-99.77		
1261	74646	36.6	-97.5	0.28348348348348323	0.16004348799999865
1262	74732	32.9	-106.1		
1263	74794	28.4667	-80.55	-0.19834024896265576	-0.3748751962559185
1264	91162	22.0333	-159.78		
1265	91165	21.9933	-159.34	0.33586956521739103	0.08672486030058048
1266	91170	21.483	-158.03		
1267	91182	21.35	-157.93		
1268	91285	19.7183	-155.05	-1.1593650793650787	-0.09440820938405492
1269	03143	36.8	-116.26		
1270	12880	25.9	-81.71		
1271	12881	27.95	-80.56		
1272	13814	35.967	-89.95		
1273	14834	41.5	-88.16		
1274	23041	32.2333	-101.5		
1275	65503	12.35	-1.51		
1276	38413	41.733	64.61		
1277	38457	41.267	69.26		
1278	38606	40.55	70.95		
1279	38927	37.233	67.26		
1280	80413	10.25	-67.65		
1281	80447	7.85	-72.45		
1282	80462	4.6	-61.11		
1283	80476	10.517	-71.65		
1284	48820	21.0333	105.8	0.11134020618556889	0.11133210333333755
1285	48839	20.1333	107.71		
1286	48845	18.6667	105.68	-3.0	-1.372765649999991
1287	48851	16.7333	107.18		
1288	48855	16.0667	108.35	-0.10707762557077698	-0.1868545045454544
1289	48900	10.8167	106.66	-0.046753246753247234	-0.009623840074501865
1290	03992	10.83	106.97		
1291	68014	-19.6	18.11		
1292	68098	-22.9833	14.65		
1293	68110	-22.5667	17.1		
1294	68112	-22.483	17.46		
1295	68312	-26.5333	18.11		
1296	60096	23.7111	-15.93		
1297	41404	15.383	44.2		
1298	41480	12.833	45.03		
1299	67663	-14.4167	28.48		
1300	67666	-15.417	28.31		
1301	67774	-17.8333	31.01		
1302	67964	-20.15	28.61		
