	time	snht
0	1983-07-01	0.0
1	1983-07-02	0.0
2	1983-07-03	0.0
3	1983-07-04	0.0
4	1983-07-05	0.0
5	1983-07-06	0.0
6	1983-07-07	0.0
7	1983-07-08	0.0
8	1983-07-09	0.0
9	1983-07-10	0.0
10	1983-07-11	0.0
11	1983-07-12	0.0
12	1983-07-14	0.0
13	1983-07-15	0.0
14	1983-07-16	0.0
15	1983-07-17	0.0
16	1983-07-19	0.0
17	1983-07-20	0.0
18	1983-07-21	0.0
19	1983-07-22	0.0
20	1983-07-23	0.0
21	1983-07-24	0.0
22	1983-07-25	0.0
23	1983-07-26	0.0
24	1983-07-27	0.0
25	1983-07-28	0.0
26	1983-07-29	0.0
27	1983-07-30	0.0
28	1983-07-31	0.0
29	1983-08-01	0.0
30	1983-08-03	0.0
31	1983-08-04	0.0
32	1983-08-05	0.0
33	1983-08-06	0.0
34	1983-08-07	0.0
35	1983-08-08	0.0
36	1983-08-09	0.0
37	1983-08-10	0.0
38	1983-08-11	0.0
39	1983-08-12	0.0
40	1983-08-13	0.0
41	1983-08-14	0.0
42	1983-08-15	0.0
43	1983-08-16	0.0
44	1983-08-17	0.0
45	1983-08-18	0.0
46	1983-08-19	0.0
47	1983-08-20	0.0
48	1983-08-21	0.0
49	1983-08-22	0.0
50	1983-08-23	0.0
51	1983-08-24	0.0
52	1983-08-25	0.0
53	1983-08-26	0.0
54	1983-08-27	0.0
55	1983-08-28	0.0
56	1983-08-29	0.0
57	1983-08-30	0.0
58	1983-08-31	0.0
59	1983-09-02	0.0
60	1983-09-03	0.0
61	1983-09-04	0.0
62	1983-09-05	0.0
63	1983-09-06	0.0
64	1983-09-07	0.0
65	1983-09-08	0.0
66	1983-09-09	0.0
67	1983-09-10	0.0
68	1983-09-11	0.0
69	1983-09-12	0.0
70	1983-09-13	0.0
71	1983-09-14	0.0
72	1983-09-15	0.0
73	1983-09-16	0.0
74	1983-09-17	0.0
75	1983-09-18	0.0
76	1983-09-19	0.0
77	1983-09-20	0.0
78	1983-09-21	0.0
79	1983-09-22	0.0
80	1983-09-24	0.0
81	1983-09-25	0.0
82	1983-09-26	0.0
83	1983-09-27	0.0
84	1983-09-28	0.0
85	1983-09-29	0.0
86	1983-09-30	0.0
87	1983-10-01	0.0
88	1983-10-02	0.0
89	1983-10-04	0.0
90	1983-10-06	0.0
91	1983-10-07	0.0
92	1983-10-08	0.0
93	1983-10-09	0.0
94	1983-10-10	0.0
95	1983-10-11	0.0
96	1983-10-12	0.0
97	1983-10-13	0.0
98	1983-10-14	0.0
99	1983-10-15	0.0
100	1983-10-16	0.0
101	1983-10-17	0.0
102	1983-10-18	0.0
103	1983-10-19	0.0
104	1983-10-20	0.0
105	1983-10-21	0.0
106	1983-10-22	0.0
107	1983-10-24	0.0
108	1983-10-25	0.0
109	1983-10-26	0.7666412591934204
110	1983-10-27	1.6293187141418457
111	1983-10-28	0.0
112	1983-10-29	0.0
113	1983-10-30	0.0
114	1983-10-31	0.0
115	1983-11-01	0.0
116	1983-11-02	0.0
117	1983-11-03	0.0
118	1983-11-04	1.342843770980835
119	1983-11-05	1.781609058380127
120	1983-11-06	1.9513025283813477
121	1983-11-07	1.781609058380127
122	1983-11-08	1.781609058380127
123	1983-11-09	1.781609058380127
124	1983-11-10	1.781609058380127
125	1983-11-11	1.9677344113588333
126	1983-11-12	1.9829021692276
127	1983-11-13	1.9918597489595413
128	1983-11-14	2.0075574666261673
129	1983-11-15	32.44191209971905
130	1983-11-16	32.85731437802315
131	1983-11-17	30.15922449529171
132	1983-11-18	29.06289015710354
133	1983-11-19	29.516849622130394
134	1983-11-20	37.58724168688059
135	1983-11-21	36.2037388086319
136	1983-11-22	36.2037388086319
137	1983-11-23	36.443750113248825
138	1983-11-24	34.73500467836857
139	1983-11-25	36.25299596786499
140	1983-11-26	34.85282588005066
141	1983-11-27	9.059913635253906
142	1983-11-28	8.956031084060669
143	1983-11-29	18.480561017990112
144	1983-11-30	15.741597175598145
145	1983-12-01	7.474292781364056
146	1983-12-03	7.17211799742654
147	1983-12-04	7.142586221452802
148	1983-12-05	35.70455215591937
149	1983-12-06	35.17413163557649
150	1983-12-07	35.68522712215781
151	1983-12-08	36.59949432592839
152	1983-12-09	49.362638503313065
153	1983-12-10	49.35457024816424
154	1983-12-11	49.28697696328163
155	1983-12-12	49.75280535593629
156	1983-12-13	47.584734704345465
157	1983-12-14	50.75224080681801
158	1983-12-15	51.265598298748955
159	1983-12-16	41.915570211131126
160	1983-12-17	49.56084852851927
161	1983-12-18	46.50382624085114
162	1983-12-19	53.23178685113089
163	1983-12-20	52.79510325577576
164	1983-12-22	52.822070956230164
165	1983-12-24	57.10883778333664
166	1983-12-25	62.04440242052078
167	1983-12-26	66.87376827001572
168	1983-12-27	66.37051381915808
169	1983-12-28	74.64768469333649
170	1983-12-29	65.08553168177605
171	1983-12-30	36.64941680431366
172	1983-12-31	26.34422254562378
173	1984-01-01	22.722057968378067
174	1984-01-02	22.148282170295715
175	1984-01-03	22.583045333623886
176	1984-01-04	23.01288390159607
177	1984-01-05	23.206458866596222
178	1984-01-06	58.394665122032166
179	1984-01-07	57.283595502376556
180	1984-01-08	57.77636206150055
181	1984-01-09	57.538038313388824
182	1984-01-10	65.30896908044815
183	1984-01-11	60.38723546266556
184	1984-01-12	60.40346771478653
185	1984-01-13	76.14515352249146
186	1984-01-14	77.41015511751175
187	1984-01-15	61.493793308734894
188	1984-01-16	55.194460766389966
189	1984-01-17	51.899189889431
190	1984-01-18	56.97110170125961
191	1984-01-19	46.99047499895096
192	1984-01-20	53.057402431964874
193	1984-01-21	52.60752534866333
194	1984-01-22	52.35555851459503
195	1984-01-23	66.89743918739259
196	1984-01-24	51.60765114426613
197	1984-01-25	51.263645961880684
198	1984-01-26	47.773129642009735
199	1984-01-27	57.491516472771764
200	1984-01-28	42.6838071718812
201	1984-01-29	21.169251024723053
202	1984-01-30	22.607207521796227
203	1984-01-31	14.08795177936554
204	1984-02-01	22.42399573326111
205	1984-02-02	32.84455060958862
206	1984-02-03	32.22469753026962
207	1984-02-04	32.64500564336777
208	1984-02-05	75.9118087887764
209	1984-02-06	75.3158786892891
210	1984-02-07	75.25307923555374
211	1984-02-08	74.93009549379349
212	1984-02-09	75.13998013734818
213	1984-02-10	75.13998013734818
214	1984-02-11	76.471326649189
215	1984-02-12	73.86468297243118
216	1984-02-13	79.00205320119858
217	1984-02-14	77.75556364655495
218	1984-02-15	75.93428637087345
219	1984-02-16	72.67761099338531
220	1984-02-17	77.54184305667877
221	1984-02-18	68.66000461578369
222	1984-02-19	75.32707405090332
223	1984-02-20	76.56710925325751
224	1984-02-21	77.78326064348221
225	1984-02-22	80.51369413721841
226	1984-02-23	75.24031010270119
227	1984-02-24	71.93276648595929
228	1984-02-26	67.32873301208019
229	1984-02-27	81.18534626066685
230	1984-02-28	62.024992702528834
231	1984-02-29	44.23772519081831
232	1984-03-01	44.11970633268356
233	1984-03-02	44.93836945295334
234	1984-03-03	45.676676124334335
235	1984-03-04	46.29012095928192
236	1984-03-05	45.75415688753128
237	1984-03-06	45.723330199718475
238	1984-03-07	88.83445876836777
239	1984-03-09	88.45306557416916
240	1984-03-10	88.04799824953079
241	1984-03-11	86.52626317739487
242	1984-03-12	86.76079815626144
243	1984-03-13	86.86845606565475
244	1984-03-14	84.6412770152092
245	1984-03-15	85.04482811689377
246	1984-03-16	81.42297475039959
247	1984-03-17	80.31199499219656
248	1984-03-18	78.54325193166733
249	1984-03-19	78.23964131623507
250	1984-03-20	84.02096999436617
251	1984-03-21	75.44018090516329
252	1984-03-22	83.65267910063267
253	1984-03-23	85.26829105056822
254	1984-03-24	80.06713856756687
255	1984-03-26	86.41104429773986
256	1984-03-28	78.70067884027958
257	1984-03-29	74.4802089035511
258	1984-03-30	71.58241678774357
259	1984-03-31	85.3756385948509
260	1984-04-01	63.3784462842159
261	1984-04-02	58.23486065864563
262	1984-04-03	59.90685173869133
263	1984-04-05	58.611437529325485
264	1984-04-06	57.58191454410553
265	1984-04-07	57.416778564453125
266	1984-04-08	57.89563071727753
267	1984-04-09	58.2084901034832
268	1984-04-10	85.689004778862
269	1984-04-11	87.0526624917984
270	1984-04-12	87.24620577692986
271	1984-04-13	84.68745157122612
272	1984-04-14	84.74413213133812
273	1984-04-15	84.56172868609428
274	1984-04-16	84.56172868609428
275	1984-04-17	83.865155428648
276	1984-04-18	83.91101843118668
277	1984-04-19	81.538649559021
278	1984-04-20	79.97065543942153
279	1984-04-21	76.07379406690598
280	1984-04-23	80.48482605814934
281	1984-04-24	72.6753337085247
282	1984-04-25	79.43314731121063
283	1984-04-26	80.74607770657167
284	1984-04-27	78.07949700951576
285	1984-04-28	83.45123803254683
286	1984-04-29	75.33697785437107
287	1984-04-30	71.12695909291506
288	1984-05-01	47.44069119170308
289	1984-05-02	51.369390935171396
290	1984-05-03	59.205383829481434
291	1984-05-04	54.012242555618286
292	1984-05-05	55.3639349937439
293	1984-05-06	54.88321101665497
294	1984-05-07	53.5448462665081
295	1984-05-08	53.88412553071976
296	1984-05-09	53.421102076768875
297	1984-05-10	53.549010545015335
298	1984-05-11	79.05742245912552
299	1984-05-12	72.40822640061378
300	1984-05-13	71.39544489979744
301	1984-05-14	72.61383989453316
302	1984-05-15	72.5807264149189
303	1984-05-16	71.77005556225777
304	1984-05-17	71.53798368573189
305	1984-05-18	71.36401823163033
306	1984-05-19	70.671850848943
307	1984-05-20	72.6706507820636
308	1984-05-21	72.2816336657852
309	1984-05-22	74.20379845541902
310	1984-05-23	78.37759812735021
311	1984-05-24	72.85235828906298
312	1984-05-25	78.01913167536259
313	1984-05-26	79.91758273169398
314	1984-05-27	77.13452398427762
315	1984-05-28	86.19672223296948
316	1984-05-29	88.26398992924078
317	1984-05-30	81.3508660569787
318	1984-05-31	74.3069644421339
319	1984-06-01	51.72690438479185
320	1984-06-02	57.7734478674829
321	1984-06-03	52.2795125991106
322	1984-06-04	56.753875851631165
323	1984-06-05	55.01854579150677
324	1984-06-06	55.11732766032219
325	1984-06-07	54.71189197897911
326	1984-06-08	55.36834606528282
327	1984-06-09	54.98555339872837
328	1984-06-10	73.84983621537685
329	1984-06-11	73.79634229838848
330	1984-06-12	79.80281192064285
331	1984-06-13	74.47832629829645
332	1984-06-14	69.27316731959581
333	1984-06-15	71.58403386175632
334	1984-06-16	68.19148737192154
335	1984-06-17	71.29406841099262
336	1984-06-18	72.11678933101939
337	1984-06-19	78.5687712142244
338	1984-06-20	77.63085998292081
339	1984-06-21	77.0929412804544
340	1984-06-22	82.51911265216768
341	1984-06-23	78.8313763551414
342	1984-06-24	82.96436732634902
343	1984-06-25	85.155846465379
344	1984-06-26	83.30322455242276
345	1984-06-27	104.61961719859391
346	1984-06-28	103.33662421780173
347	1984-06-29	98.3001599907875
348	1984-06-30	110.27751561999321
349	1984-07-01	82.60240600025281
350	1984-07-02	84.81943017803133
351	1984-07-03	84.43719226307583
352	1984-07-04	99.17215640097857
353	1984-07-05	97.75986038707197
354	1984-07-06	106.43268639594316
355	1984-07-07	96.84340464323759
356	1984-07-08	100.06258589029312
357	1984-07-09	109.43907082080841
358	1984-07-10	113.52491619437933
359	1984-07-11	113.58530538529158
360	1984-07-12	116.81589578092098
361	1984-07-13	99.83936655521393
362	1984-07-14	89.43519484996796
363	1984-07-15	91.5276498273015
364	1984-07-16	93.72297011315823
365	1984-07-17	95.34289210289717
366	1984-07-18	88.38001513574272
367	1984-07-19	102.59150853008032
368	1984-07-20	104.20407977700233
369	1984-07-21	103.9657959525357
370	1984-07-22	104.17805739305913
371	1984-07-23	101.45079702138901
372	1984-07-24	100.85539212520234
373	1984-07-25	105.8111121058464
374	1984-07-26	109.98972730338573
375	1984-07-27	121.33805406093597
376	1984-07-28	114.81614725664258
377	1984-07-29	103.34056860208511
378	1984-07-30	93.40818482637405
379	1984-07-31	97.99432875216007
380	1984-08-01	90.32450735569
381	1984-08-02	89.18512570858002
382	1984-08-03	93.48982590436935
383	1984-08-04	93.57956832647324
384	1984-08-05	93.66995513439178
385	1984-08-06	94.48604053258896
386	1984-08-07	99.31493264436722
387	1984-08-08	104.19221240282059
388	1984-08-09	106.00181174278259
389	1984-08-10	107.49252045154572
390	1984-08-11	109.51020014286041
391	1984-08-12	105.4517912864685
392	1984-08-13	102.36061322689056
393	1984-08-14	106.74670934677124
394	1984-08-15	104.04567128419876
395	1984-08-16	100.96553039550781
396	1984-08-17	93.88368237018585
397	1984-08-18	104.47076642513275
398	1984-08-19	110.75962960720062
399	1984-08-20	109.50960183143616
400	1984-08-21	115.02460169792175
401	1984-08-22	116.22100341320038
402	1984-08-23	111.8453551530838
403	1984-08-24	119.6585693359375
404	1984-08-25	124.61503303050995
405	1984-08-26	130.15803855657578
406	1984-08-27	128.3388311266899
407	1984-08-28	119.22614562511444
408	1984-08-29	118.16710889339447
409	1984-08-30	121.14347910881042
410	1984-08-31	126.68920850753784
411	1984-09-01	110.67339658737183
412	1984-09-02	116.49724292755127
413	1984-09-03	118.9450159072876
414	1984-09-04	119.89469814300537
415	1984-09-05	123.6293888092041
416	1984-09-06	125.14818668365479
417	1984-09-07	124.60442876815796
418	1984-09-08	126.857736825943
419	1984-09-09	124.55470657348633
420	1984-09-10	125.15785026550293
421	1984-09-11	127.52572679519653
422	1984-09-12	117.7716314792633
423	1984-09-13	122.57214140892029
424	1984-09-14	128.11775255203247
425	1984-09-15	129.530925989151
426	1984-09-17	118.32859563827515
427	1984-09-18	130.72889232635498
428	1984-09-19	141.93528628349304
429	1984-09-20	140.79279899597168
430	1984-09-21	144.78362250328064
431	1984-09-22	149.97834396362305
432	1984-09-23	153.02725529670715
433	1984-09-24	157.01604866981506
434	1984-09-26	166.07027554512024
435	1984-09-27	170.16836285591125
436	1984-09-28	154.02075219154358
437	1984-09-29	148.40443682670593
438	1984-09-30	149.52284049987793
439	1984-10-01	140.19965155422688
440	1984-10-02	140.43525002524257
441	1984-10-03	140.80227457918227
442	1984-10-04	145.38750361837447
443	1984-10-05	145.0625684801489
444	1984-10-06	145.5239271465689
445	1984-10-07	146.15546339191496
446	1984-10-08	156.5549141112715
447	1984-10-09	162.56521456874907
448	1984-10-10	164.67175501026213
449	1984-10-11	167.80298816598952
450	1984-10-12	169.87487048655748
451	1984-10-13	170.76240094006062
452	1984-10-14	167.50481337308884
453	1984-10-15	169.29412093758583
454	1984-10-16	169.28017619252205
455	1984-10-17	164.0784007012844
456	1984-10-18	165.66057285666466
457	1984-11-02	207.83257865905762
458	1984-11-03	195.8346984386444
459	1984-11-04	189.51819825172424
460	1984-11-05	181.98634386062622
461	1984-11-06	176.13665014505386
462	1984-11-07	176.1733070909977
463	1984-11-08	173.11756531894207
464	1984-11-09	173.06298381090164
465	1984-11-10	175.79992055892944
466	1984-11-11	179.94512748718262
467	1984-11-12	180.03111201524734
468	1984-11-13	185.36835896968842
469	1984-11-14	188.02214032411575
470	1984-11-15	188.55898016691208
471	1984-11-16	193.1194633245468
472	1984-11-17	197.76338255405426
473	1984-11-18	196.59070307016373
474	1984-11-19	194.16580873727798
475	1984-11-20	191.8155951499939
476	1984-11-21	192.8987632393837
477	1984-11-22	192.9051862359047
478	1984-11-23	188.5328157544136
479	1984-11-24	186.1662267446518
480	1984-11-25	185.844358086586
481	1984-11-26	191.39256632328033
482	1984-11-27	170.37677305936813
483	1984-11-28	184.1183597445488
484	1984-11-29	173.18772035837173
485	1984-11-30	169.96268719434738
486	1984-12-01	187.63795655965805
487	1984-12-02	185.21900281310081
488	1984-12-03	175.66304581984878
489	1984-12-04	168.73623919324018
490	1984-12-05	159.3424140466377
491	1984-12-06	160.25362023711205
492	1984-12-07	160.48887294530869
493	1984-12-08	161.64170342683792
494	1984-12-09	157.45928716659546
495	1984-12-10	154.61538648605347
496	1984-12-11	155.70608204603195
497	1984-12-12	153.0973785817623
498	1984-12-13	153.5470411479473
499	1984-12-14	151.6322233080864
500	1984-12-15	152.70611277222633
501	1984-12-16	152.99979266524315
502	1984-12-17	153.88395914435387
503	1984-12-18	153.1301332861185
504	1984-12-19	152.26626946032047
505	1984-12-20	151.5347229540348
506	1984-12-21	150.64979775249958
507	1984-12-22	150.5485950410366
508	1984-12-23	154.60626411437988
509	1984-12-24	158.7038031220436
510	1984-12-25	158.3199560046196
511	1984-12-26	157.79530730843544
512	1984-12-27	151.28626027703285
513	1984-12-28	154.94822627305984
514	1984-12-29	154.46692091226578
515	1984-12-30	156.97544610500336
516	1984-12-31	156.95052471756935
517	1985-01-01	177.8132959008217
518	1985-01-02	167.65949092805386
519	1985-01-03	161.1960622817278
520	1985-01-04	154.2909720018506
521	1985-01-05	158.46686857938766
522	1985-01-06	161.18450909852982
523	1985-01-07	159.43227118253708
524	1985-01-08	156.39904618263245
525	1985-01-09	155.3329859972
526	1985-01-10	158.9620248414576
527	1985-01-11	161.97126293811016
528	1985-01-12	160.82665646704845
529	1985-01-13	160.7166591200512
530	1985-01-14	162.18775985273533
531	1985-01-15	158.86608758196235
532	1985-01-16	164.91009134054184
533	1985-01-17	165.82116781547666
534	1985-01-18	164.62957824766636
535	1985-01-19	164.0855600303039
536	1985-01-20	166.58141013118438
537	1985-01-21	166.35114218923263
538	1985-01-22	166.24731031688862
539	1985-01-23	165.87755641969852
540	1985-01-24	164.6409894588869
541	1985-01-25	163.81452653440647
542	1985-01-26	159.38842496904545
543	1985-01-27	161.45567118260078
544	1985-01-28	166.02758369478397
545	1985-01-29	167.3339931133669
546	1985-01-30	167.96463743480854
547	1985-01-31	172.47195876273327
548	1985-02-01	192.80364937218837
549	1985-02-02	186.27859339746647
550	1985-02-03	181.6836260620039
551	1985-02-04	182.03074736031704
552	1985-02-05	179.41769362124614
553	1985-02-06	176.92052001389675
554	1985-02-07	173.92250973614864
555	1985-02-08	172.0196161333006
556	1985-02-09	172.92218018206768
557	1985-02-10	168.09795241686516
558	1985-02-11	172.2448704119306
559	1985-02-12	175.40918816137128
560	1985-02-13	174.8152718709316
561	1985-02-14	174.1288136623334
562	1985-02-15	173.17698065540753
563	1985-02-16	171.94463519356214
564	1985-02-17	169.43546126387082
565	1985-02-18	168.0959565450903
566	1985-02-19	167.19458822510205
567	1985-02-20	165.81614225296653
568	1985-02-21	165.1971405647928
569	1985-02-22	164.44903531152522
570	1985-02-23	165.5273353869561
571	1985-02-24	162.51932573318481
572	1985-02-25	156.49224332603626
573	1985-02-26	158.78333142655902
574	1985-02-27	158.32830290752463
575	1985-02-28	158.60411944624502
576	1985-03-01	185.20288243028335
577	1985-03-02	186.33041897485964
578	1985-03-03	177.8162594649475
579	1985-03-04	173.9490562293213
580	1985-03-05	169.22289400431328
581	1985-03-06	168.67044854792766
582	1985-03-07	167.13462585839443
583	1985-03-08	162.73150303098373
584	1985-03-09	165.02207287284546
585	1985-03-10	163.92220092448406
586	1985-03-11	163.11953931185417
587	1985-03-12	158.88945419038646
588	1985-03-13	158.1152461178135
589	1985-03-14	157.21374744805507
590	1985-03-15	156.43204442295246
591	1985-03-16	157.89325316878967
592	1985-03-17	158.17189220222645
593	1985-03-18	158.36019030842
594	1985-03-19	158.00250528636388
595	1985-03-20	157.22780989739113
596	1985-03-21	158.18974905344658
597	1985-03-22	157.56424746545963
598	1985-03-23	157.1115131813567
599	1985-03-24	157.26023720833473
600	1985-03-25	156.89778929832391
601	1985-03-26	157.14684524270706
602	1985-03-27	151.31860630842857
603	1985-03-28	153.4522316257935
604	1985-03-29	152.00475171837024
605	1985-03-30	151.6130812827032
606	1985-03-31	154.2742243472021
607	1985-04-08	179.5795599706471
608	1985-04-09	172.38823674619198
609	1985-04-10	166.3100149333477
610	1985-04-11	161.05930642038584
611	1985-04-12	161.0205827364698
612	1985-04-13	159.93992406502366
613	1985-04-14	153.10183815658092
614	1985-04-15	151.1577653749846
615	1985-04-16	149.31357427872717
616	1985-04-17	148.41370081697823
617	1985-04-18	146.0521878283471
618	1985-04-19	145.11731974844588
619	1985-04-20	146.61691496148705
620	1985-04-21	145.54626366123557
621	1985-04-22	144.44182213768363
622	1985-04-23	143.79721377789974
623	1985-04-24	144.47817148640752
624	1985-04-25	144.93320350721478
625	1985-04-26	144.5866666920483
626	1985-04-27	140.9016013480723
627	1985-04-28	135.90602693334222
628	1985-04-29	135.28827026858926
629	1985-04-30	131.19583361968398
630	1985-05-01	140.17051731422544
631	1985-05-02	142.5635647661984
632	1985-05-03	142.79557432606816
633	1985-05-04	142.67642034962773
634	1986-04-20	136.57365844026208
635	1986-04-21	137.1825003810227
636	1986-04-22	136.35427485778928
637	1986-04-23	132.64099027588964
638	1986-04-24	139.67764991894364
639	1986-04-25	138.3432842977345
640	1986-04-26	135.03462814167142
641	1986-04-27	132.02708752825856
642	1986-04-28	129.79000790789723
643	1986-04-29	123.87066445872188
644	1986-04-30	122.91341080144048
645	1986-05-01	126.46887434460223
646	1986-05-02	127.37523702718318
647	1986-05-03	124.24448167160153
648	1986-05-04	125.3362135477364
649	1986-05-05	124.25888921692967
650	1986-05-06	123.83604030683637
651	1986-05-07	123.7327789850533
652	1986-05-08	124.13741772249341
653	1986-05-09	122.71034564450383
654	1986-05-10	121.86008923128247
655	1986-05-11	121.52427478507161
656	1986-05-12	113.58721411600709
657	1986-05-13	110.08138846233487
658	1986-05-14	109.75034998729825
659	1986-05-15	107.47146766260266
660	1986-05-16	106.70399146154523
661	1986-05-17	109.4287685342133
662	1986-05-18	112.3113183863461
663	1986-05-19	112.47295560315251
664	1986-05-20	113.07735909894109
665	1986-05-21	112.23286207392812
666	1986-05-22	111.9350939579308
667	1986-05-23	110.35451285913587
668	1986-05-24	120.1979054696858
669	1986-05-25	117.62536345794797
670	1986-05-26	114.19664629176259
671	1986-05-27	113.16750018671155
672	1986-05-28	111.65779798105359
673	1986-05-29	114.48324815556407
674	1986-05-30	112.51404609903693
675	1986-05-31	109.3970465476159
676	1986-06-01	115.87158182240091
677	1986-06-02	110.84519442915916
678	1986-06-03	110.06997892260551
679	1986-06-04	111.99942660331726
680	1986-06-05	116.2626228928566
681	1986-06-06	115.41861599683762
682	1986-06-07	115.40595555305481
683	1986-06-08	116.40857350826263
684	1986-06-09	116.50500911474228
685	1986-06-10	117.4811862707138
686	1986-06-11	117.6925521492958
687	1986-06-12	117.51623803377151
688	1986-06-13	118.8713535964489
689	1986-06-14	120.57340469956398
690	1986-06-15	120.50781540572643
691	1986-06-16	122.50766030699015
692	1986-06-17	121.91417561471462
693	1986-06-18	122.86829205602407
694	1986-06-19	127.02633799985051
695	1986-06-20	130.0933485813439
696	1986-06-21	128.62832877412438
697	1986-06-22	129.93559055775404
698	1986-06-23	137.20901160687208
699	1986-06-24	138.35560074448586
700	1986-06-25	136.50781281664968
701	1986-06-26	134.40426831319928
702	1986-06-28	133.6505738981068
703	1986-06-29	132.67759382724762
704	1986-06-30	130.58695094287395
705	1986-07-01	130.48824978992343
706	1986-07-02	130.04046685621142
707	1986-07-03	127.57759389653802
708	1986-07-04	128.19283460453153
709	1986-07-05	127.88016073778272
710	1986-07-06	127.17325316742063
711	1986-07-07	127.04891130607575
712	1986-07-08	127.77169673331082
713	1986-07-09	128.08575277216733
714	1986-07-10	124.26106243021786
715	1986-07-11	124.15428444556892
716	1986-07-12	120.66329392418265
717	1986-07-13	125.49105628952384
718	1986-07-14	126.28491922095418
719	1986-07-15	122.42885537818074
720	1986-07-16	120.00501985475421
721	1986-07-17	114.86201242730021
722	1986-07-19	108.76523008942604
723	1986-07-20	106.69834206998348
724	1986-07-21	111.17217607796192
725	1986-07-22	112.72280575335026
726	1986-07-23	116.31539238989353
727	1986-07-24	115.25846959650517
728	1986-07-25	122.13648718595505
729	1986-07-26	122.29340153932571
730	1986-07-27	118.89605128765106
731	1986-07-28	116.43349024653435
732	1986-07-29	116.43885727226734
733	1986-07-30	116.20236377418041
734	1986-07-31	115.20264274254441
735	1986-08-01	108.8553713336587
736	1986-08-02	104.40677198022604
737	1986-08-03	102.14436701312661
738	1986-08-04	97.87720732984735
739	1986-08-05	94.21455302112736
740	1986-08-06	93.62233383348212
741	1986-08-07	92.87173519570206
742	1986-08-09	89.59200884308666
743	1986-08-10	89.54012036323547
744	1986-08-11	91.52080708742142
745	1986-08-12	90.35201817378402
746	1986-08-13	88.8908839947544
747	1986-08-14	87.78522739047185
748	1986-08-15	88.58304345607758
749	1986-08-16	84.09381675720215
750	1986-08-17	87.45558163523674
751	1986-08-18	87.55022776126862
752	1986-08-19	87.86992673575878
753	1986-08-20	88.75738227367401
754	1986-08-21	93.24649280309677
755	1986-08-22	92.1164857968688
756	1986-08-23	89.35477754473686
757	1986-08-24	94.23204109072685
758	1986-08-25	88.70786966383457
759	1986-08-26	88.43105557560921
760	1986-08-27	87.71541056036949
761	1986-08-28	87.0309474170208
762	1986-08-29	86.8998301923275
763	1986-08-30	88.89637565612793
764	1986-08-31	93.13891757896636
765	1986-09-01	90.73430425673723
766	1986-09-02	86.17992482148111
767	1986-09-04	87.31097737560049
768	1986-09-05	87.06961881078314
769	1986-09-06	81.69681101106107
770	1986-09-07	81.81056537549011
771	1986-09-08	83.82392203388736
772	1986-09-09	80.17521380959079
773	1986-09-10	78.00527739431709
774	1986-09-11	76.63951105065644
775	1986-09-12	71.21776640284224
776	1986-09-13	72.18867743981536
777	1986-09-14	70.67950794100761
778	1986-09-15	70.79421323537827
779	1986-09-16	67.79300688952208
780	1986-09-17	72.61527826823294
781	1986-09-18	67.42075784411281
782	1986-09-19	72.79441047133878
783	1986-09-20	71.28754055971149
784	1986-09-21	72.47894561680732
785	1986-09-22	74.15234291180968
786	1986-09-23	68.47850331291556
787	1986-09-24	54.01501152315177
788	1986-09-25	51.272107160650194
789	1986-09-26	49.02417629677802
790	1986-09-27	47.038243988063186
791	1986-09-28	47.36609648677404
792	1986-09-29	48.62441432895139
793	1986-09-30	54.27687106281519
794	1986-10-01	57.0576154589653
795	1986-10-02	58.964317416772246
796	1986-10-03	60.412859099917114
797	1986-10-04	62.62954246997833
798	1986-10-05	59.541169956326485
799	1986-10-06	62.55429981648922
800	1986-10-07	67.00589361786842
801	1986-10-08	67.67447456717491
802	1986-10-09	68.42142487317324
803	1986-10-10	72.40624561905861
804	1986-10-11	67.98961419612169
805	1986-10-12	71.4771476611495
806	1986-10-13	68.13636367022991
807	1986-10-14	76.98501618206501
808	1986-10-15	76.03971861302853
809	1986-10-17	74.7801369279623
810	1986-10-18	76.75406047701836
811	1986-10-19	82.73160745552741
812	1986-10-20	84.63780226456583
813	1986-10-21	81.19452424880592
814	1986-10-22	79.97995241422905
815	1986-10-23	73.52767200395465
816	1986-10-24	71.53380584996194
817	1986-10-25	70.5042795278132
818	1986-10-26	67.78146391455084
819	1986-10-27	68.9356914544478
820	1986-10-28	67.82078530080616
821	1986-10-29	71.8173192795366
822	1986-10-30	70.08242838457227
823	1986-10-31	72.40714568085968
824	1986-11-01	69.46492744237185
825	1986-11-02	71.91041284613311
826	1986-11-03	77.27644209269783
827	1986-11-04	77.07689400902018
828	1986-11-05	76.87889546323277
829	1986-11-06	73.51578445618816
830	1986-11-07	77.23682312021265
831	1986-11-08	75.72656685067341
832	1986-11-09	75.0314164890442
833	1986-11-10	74.66798639297485
834	1986-11-11	77.8197651207447
835	1986-11-12	75.16651153564453
836	1986-11-13	76.0018040239811
837	1986-11-14	73.29790350794792
838	1986-11-15	77.30620473623276
839	1986-11-16	78.14120336249471
840	1986-11-17	75.0661747828126
841	1986-11-18	71.72459005564451
842	1986-11-19	74.34857262670994
843	1986-11-20	73.43924871087074
844	1986-11-21	71.93057346343994
845	1986-11-22	73.68027182668447
846	1986-11-23	74.46179342269897
847	1986-11-24	76.78838239610195
848	1986-11-25	75.22104655206203
849	1986-11-26	74.76120585948229
850	1986-11-27	73.96868928521872
851	1986-11-28	79.14538239687681
852	1986-11-29	73.87186821550131
853	1986-11-30	79.2054681032896
854	1986-12-01	72.848154053092
855	1986-12-02	77.57070510089397
856	1986-12-03	80.55812400579453
857	1986-12-04	81.79178826091811
858	1986-12-05	82.99942645787087
859	1986-12-06	84.25428198634472
860	1986-12-07	81.07019430981018
861	1986-12-08	81.73821174219484
862	1986-12-10	80.21344042223063
863	1986-12-11	83.34475728683174
864	1986-12-12	87.26283086277544
865	1986-12-13	90.10342493839562
866	1986-12-14	91.99626926332712
867	1986-12-15	91.93802833557129
868	1986-12-16	91.1950017362833
869	1986-12-17	92.34830497950315
870	1986-12-18	93.53844505548477
871	1986-12-19	90.5144889652729
872	1986-12-20	91.88823292963207
873	1986-12-21	85.16288029961288
874	1986-12-22	82.23237747512758
875	1986-12-23	79.59386758087203
876	1986-12-24	80.5342226549983
877	1986-12-25	81.09833585936576
878	1986-12-26	82.69350990653038
879	1986-12-27	84.77098194882274
880	1986-12-28	81.51084666699171
881	1986-12-29	90.4786250218749
882	1986-12-30	88.48470047861338
883	1986-12-31	92.4136007502675
884	1987-01-01	84.94432037323713
885	1987-01-02	83.7903533577919
886	1987-01-03	83.43757048249245
887	1987-01-04	84.29956722259521
888	1987-01-05	84.51520949602127
889	1987-01-06	85.30842412263155
890	1987-01-07	84.36521655321121
891	1987-01-08	84.55849374830723
892	1987-01-09	91.29851133748889
893	1987-01-10	93.82231781631708
894	1987-01-11	95.17976679844651
895	1987-01-12	100.5442378736916
896	1987-01-13	99.02328740037046
897	1987-01-14	99.6183197479113
898	1987-01-15	102.80532895075157
899	1987-01-16	102.0551280088257
900	1987-01-17	109.45294129522517
901	1987-01-18	110.80953062698245
902	1987-01-19	112.77795379329473
903	1987-01-20	112.74522756226361
904	1987-01-21	113.1533722653985
905	1987-01-22	114.59896155446768
906	1987-01-23	119.38448841497302
907	1987-01-24	118.11216100677848
908	1987-01-25	118.6955602504313
909	1987-01-26	118.77382118627429
910	1987-01-27	118.12690906599164
911	1987-01-28	125.86683598905802
912	1987-01-29	120.78219602815807
913	1987-01-30	126.37071619182825
914	1987-01-31	125.36932462640107
915	1987-02-01	118.0686018280685
916	1987-02-02	117.88395599648356
917	1987-02-03	117.94765850063413
918	1987-02-04	117.5399602688849
919	1987-02-05	117.45588665641844
920	1987-02-06	117.15480596851557
921	1987-02-07	119.82042627246119
922	1987-02-08	121.27999725949485
923	1987-02-09	121.53219965239987
924	1987-02-10	120.63150204811245
925	1987-02-11	122.71805235231295
926	1987-02-12	121.49614559486508
927	1987-02-13	127.31558955460787
928	1987-02-14	130.73783131036907
929	1987-02-15	130.93284991383553
930	1987-02-16	128.96043718233705
931	1987-02-17	126.46196088194847
932	1987-02-18	129.07969358563423
933	1987-02-19	132.6039995700121
934	1987-02-20	132.269284196198
935	1987-02-21	134.4419699627906
936	1987-02-22	131.7371408343315
937	1987-02-23	135.6284991344437
938	1987-02-24	135.46577445603907
939	1987-02-25	132.5372680341825
940	1987-02-26	131.59446226246655
941	1987-02-27	141.6730715315789
942	1987-02-28	142.5784741640091
943	1987-03-01	139.35512264072895
944	1987-03-02	138.79879288375378
945	1987-03-03	142.35076093673706
946	1987-03-04	142.29969254136086
947	1987-03-05	142.9504220634699
948	1987-03-06	142.87520584464073
949	1987-03-07	147.93561968952417
950	1987-03-08	147.71281458437443
951	1987-03-09	150.75243858993053
952	1987-03-11	149.3718355614692
953	1987-03-12	151.12301194109023
954	1987-03-13	152.19769301265478
955	1987-03-14	152.16358956694603
956	1987-03-15	156.13715924322605
957	1987-03-16	154.01677782833576
958	1987-03-17	153.95293751358986
959	1987-03-18	155.18474381417036
960	1987-03-19	158.05233006179333
961	1987-03-20	160.74220710992813
962	1987-03-21	163.5789038091898
963	1987-03-22	164.52999484539032
964	1987-03-23	166.61737966537476
965	1987-03-24	168.90694585442543
966	1987-03-25	170.37884584069252
967	1987-03-26	170.7461141049862
968	1987-03-27	169.29000425338745
969	1987-03-28	175.52375838160515
970	1987-03-29	174.67180427908897
971	1987-03-30	183.8518867790699
972	1987-03-31	186.6611490547657
973	1987-04-02	178.75718730688095
974	1987-04-03	171.47651979327202
975	1987-04-04	172.30520342290401
976	1987-04-05	160.576181858778
977	1987-04-06	159.90047681331635
978	1987-04-07	163.88746865838766
979	1987-04-08	163.44794595241547
980	1987-04-09	160.22141219303012
981	1987-04-10	158.37397016584873
982	1987-04-11	156.84332509338856
983	1987-04-12	155.62917058169842
984	1987-04-13	159.63498079776764
985	1987-04-14	159.3545604199171
986	1987-04-15	163.54012808203697
987	1987-04-16	165.1266349852085
988	1987-04-17	168.89058411121368
989	1987-04-18	167.57703694701195
990	1987-04-19	173.8975342810154
991	1987-04-20	173.63102212548256
992	1987-04-21	171.7334729731083
993	1987-04-22	170.6087890267372
994	1987-04-23	174.57043792307377
995	1987-04-24	172.03338688611984
996	1987-04-25	174.86866270005703
997	1987-04-26	175.01733535528183
998	1987-04-27	182.6863847449422
999	1987-04-28	185.362274967134
1000	1987-04-29	187.32977107912302
1001	1987-04-30	197.52537821233273
1002	1987-05-01	188.05492635071278
1003	1987-05-02	195.74500277638435
1004	1987-05-03	193.03261128813028
1005	1987-05-04	193.68285094201565
1006	1987-05-05	194.9511131197214
1007	1987-05-06	197.51838305592537
1008	1987-05-07	197.5535890236497
1009	1987-05-08	191.48407838493586
1010	1987-05-09	189.24053778499365
1011	1987-05-10	181.94039841741323
1012	1987-05-11	189.25061003118753
1013	1987-05-12	189.44151897728443
1014	1987-05-13	187.34485407546163
1015	1987-05-14	186.91700257360935
1016	1987-05-15	184.86606570333242
1017	1987-05-16	196.0170751027763
1018	1987-05-17	198.788320902735
1019	1987-05-18	201.91542365029454
1020	1987-05-19	199.38094179332256
1021	1987-05-20	205.24342354387045
1022	1987-05-22	209.35683481395245
1023	1987-05-23	210.44032262265682
1024	1987-05-24	211.33878849446774
1025	1987-05-26	211.65802191197872
1026	1987-05-27	206.89257533848286
1027	1987-05-28	207.7897322960198
1028	1987-05-29	206.1446992661804
1029	1987-05-30	204.63136445730925
1030	1987-05-31	201.08549001812935
1031	1987-06-01	204.50580471754074
1032	1987-06-02	208.7415561079979
1033	1987-06-04	214.00470791757107
1034	1987-06-05	211.0471557378769
1035	1987-06-06	212.8973037712276
1036	1987-06-07	211.89372783899307
1037	1987-06-08	211.31967101434566
1038	1987-06-09	207.41473235329613
1039	1987-06-10	211.77161088923458
1040	1987-06-11	212.6787204942084
1041	1987-06-12	213.6416382687603
1042	1987-06-13	214.4774115451146
1043	1987-06-14	218.2996861335705
1044	1987-06-15	218.51021780402516
1045	1987-06-16	220.43961258373747
1046	1987-06-17	221.89800117239793
1047	1987-06-18	226.9900210350752
1048	1987-06-19	227.41183444857597
1049	1987-06-20	222.99232178926468
1050	1987-06-21	221.79036074876785
1051	1987-06-22	222.64394257962704
1052	1987-06-23	223.50573232769966
1053	1987-06-24	222.3867355287075
1054	1987-06-25	228.43042549863458
1055	1987-06-26	234.76820400357246
1056	1987-06-27	233.3045063689351
1057	1987-06-28	227.4683098498499
1058	1987-06-29	228.16440557007445
1059	1987-06-30	219.8010776450392
1060	1987-07-01	220.4871246283874
1061	1987-07-02	229.82893699221313
1062	1987-07-03	236.72737754695117
1063	1987-07-04	244.0501056779176
1064	1987-07-05	245.32572550978512
1065	1987-07-06	248.9753213049844
1066	1987-07-07	249.21369870984927
1067	1987-07-08	246.55376073531806
1068	1987-07-09	248.08372242189944
1069	1987-07-10	251.6890245359391
1070	1987-07-11	252.64859344251454
1071	1987-07-12	261.58336136769503
1072	1987-07-13	260.4672170560807
1073	1987-07-14	274.01365157961845
1074	1987-07-15	266.6541870459914
1075	1987-07-16	266.0168339163065
1076	1987-07-17	260.62983395159245
1077	1987-07-18	268.13608354330063
1078	1987-07-19	274.141835950315
1079	1987-07-20	277.23766968399286
1080	1987-07-21	272.1888472735882
1081	1987-07-22	269.9858773201704
1082	1987-07-23	274.3910403698683
1083	1987-07-24	273.79553758725524
1084	1987-07-25	273.0991209447384
1085	1987-07-26	279.6679224334657
1086	1987-07-27	273.3265702165663
1087	1987-07-28	278.5035525113344
1088	1987-07-29	273.4718316346407
1089	1987-07-30	265.56906850636005
1090	1987-07-31	260.8813341483474
1091	1987-08-01	276.2813553214073
1092	1987-08-02	279.1886387169361
1093	1987-08-03	292.702790081501
1094	1987-08-04	292.9686539925169
1095	1987-08-05	301.00597055256367
1096	1987-08-06	298.4105116040446
1097	1987-08-07	311.87116656359285
1098	1987-08-08	318.1588889695704
1099	1987-08-09	319.4009309047833
1100	1987-08-10	322.9140804540366
1101	1987-08-11	323.57092419080436
1102	1987-08-12	329.18660246767104
1103	1987-08-13	329.02478889375925
1104	1987-08-14	326.7593828700483
1105	1987-08-15	329.61348713189363
1106	1987-08-16	341.22699228674173
1107	1987-08-17	347.38503957819194
1108	1987-08-19	343.84161563776433
1109	1987-08-20	345.19031485542655
1110	1987-08-21	347.23174629732966
1111	1987-08-22	349.9959497228265
1112	1987-08-23	350.63355139642954
1113	1987-08-24	354.44440757855773
1114	1987-08-25	348.83260328136384
1115	1987-08-26	348.2175675164908
1116	1987-08-27	347.08728010207415
1117	1987-08-28	347.34489288926125
1118	1987-08-29	344.1238040868193
1119	1987-08-30	335.46727407351136
1120	1987-08-31	334.6556005552411
1121	1987-09-01	363.95039388909936
1122	1987-09-02	369.17084067314863
1123	1987-09-03	366.703864865005
1124	1987-09-04	384.60185830667615
1125	1987-09-05	385.6717023830861
1126	1987-09-06	398.36977640911937
1127	1987-09-07	392.25121835269965
1128	1987-09-08	392.31690209995577
1129	1987-09-09	402.9891267497951
1130	1987-09-10	412.3698488519836
1131	1987-09-11	416.12940350949066
1132	1987-09-12	419.65777343060836
1133	1987-09-13	414.7498739993316
1134	1987-09-14	399.5404881243012
1135	1987-09-15	392.70202533202246
1136	1987-09-16	404.03593395184726
1137	1987-09-17	412.77763906121254
1138	1987-09-18	396.3290772214532
1139	1987-09-19	402.58412043750286
1140	1987-09-20	398.0622145142406
1141	1987-09-21	389.8694135877304
1142	1987-09-22	391.0905867461115
1143	1987-09-23	383.43785846978426
1144	1987-09-24	378.87074841279536
1145	1987-09-25	385.0171248926781
1146	1987-09-26	369.27875054068863
1147	1987-09-27	383.5060045607388
1148	1987-09-28	382.6880114879459
1149	1987-09-29	364.7644133823924
1150	1987-09-30	350.6894250330515
1151	1987-10-01	374.8088796166703
1152	1987-10-02	380.940485375002
1153	1987-10-03	376.38041367416736
1154	1987-10-04	374.0297282226529
1155	1987-10-05	366.4863658188551
1156	1987-10-06	374.4987953379168
1157	1987-10-07	371.2790288707474
1158	1987-10-08	366.39649926428683
1159	1987-10-09	358.1810111536179
1160	1987-10-10	355.8023386737332
1161	1987-10-11	368.0149534456432
1162	1987-10-12	362.22223637253046
1163	1987-10-13	338.21672374755144
1164	1987-10-14	350.6063039265573
1165	1987-10-15	347.3010555058718
1166	1987-10-16	354.0355872474611
1167	1987-10-17	356.1767219789326
1168	1987-10-18	363.3130558654666
1169	1987-10-19	371.1856222897768
1170	1987-10-20	366.42026248574257
1171	1987-10-21	373.493905633688
1172	1987-10-22	374.29177812486887
1173	1987-10-23	372.7923591583967
1174	1987-10-24	387.8980273604393
1175	1987-10-25	372.89580768346786
1176	1987-10-26	360.0337514281273
1177	1987-10-27	363.9051060974598
1178	1987-10-28	364.5152365267277
1179	1987-10-29	354.4680591970682
1180	1987-10-30	365.1379068940878
1181	1987-10-31	375.6330651342869
1182	1987-11-01	393.3914813250303
1183	1987-11-02	393.20365838706493
1184	1987-11-03	378.7122230231762
1185	1987-11-04	375.5309434235096
1186	1987-11-05	370.3358038663864
1187	1987-11-06	364.641115039587
1188	1987-11-07	361.70702385902405
1189	1987-11-08	361.2977650463581
1190	1987-11-09	359.44088369607925
1191	1987-11-10	352.5981077551842
1192	1987-11-11	349.03178158402443
1193	1987-11-12	352.7214424610138
1194	1987-11-13	350.28278851509094
1195	1987-11-14	347.9666178226471
1196	1987-11-15	354.23881950974464
1197	1987-11-16	344.90057614445686
1198	1987-11-17	350.4212415218353
1199	1987-11-18	340.9346427023411
1200	1987-11-19	356.1219884455204
1201	1987-11-20	352.303974211216
1202	1987-11-21	355.05719435214996
1203	1987-11-22	347.5113448500633
1204	1987-11-23	346.9784709215164
1205	1987-11-24	344.66637420654297
1206	1987-11-25	327.5755295455456
1207	1987-11-26	328.58272728323936
1208	1987-11-27	324.75856429338455
1209	1987-11-28	322.783444352448
1210	1987-11-29	325.7411704659462
1211	1987-11-30	327.16708159446716
1212	1987-12-01	339.4294961094856
1213	1987-12-02	340.562033995986
1214	1987-12-03	354.0110496580601
1215	1987-12-04	342.2237767279148
1216	1987-12-05	345.6946997642517
1217	1987-12-06	342.73048293590546
1218	1987-12-07	340.31174743175507
1219	1987-12-08	336.6152458488941
1220	1987-12-09	332.8522160053253
1221	1987-12-10	328.12402898073196
1222	1987-12-11	326.12024745345116
1223	1987-12-12	324.74656277894974
1224	1987-12-13	322.87041956186295
1225	1987-12-14	319.2855852842331
1226	1987-12-15	312.6318752169609
1227	1987-12-16	309.4571543633938
1228	1987-12-17	309.74590665102005
1229	1987-12-18	312.0055518746376
1230	1987-12-19	311.3447988629341
1231	1987-12-20	306.85894998908043
1232	1987-12-21	303.3737958371639
1233	1987-12-22	302.7266675531864
1234	1987-12-23	306.80250811576843
1235	1987-12-24	302.66461205482483
1236	1987-12-25	291.33338236808777
1237	1987-12-26	287.8207239806652
1238	1987-12-27	305.7022975385189
1239	1987-12-28	297.67893636226654
1240	1987-12-29	309.626323223114
1241	1987-12-30	298.66922149062157
1242	1987-12-31	289.21473544836044
1243	1988-01-01	286.5166987478733
1244	1988-01-02	291.51874139904976
1245	1988-01-04	281.44190987944603
1246	1988-01-05	288.56777426600456
1247	1988-01-06	277.36291685700417
1248	1988-01-07	277.673176407814
1249	1988-01-08	276.59493535757065
1250	1988-01-09	273.6219799518585
1251	1988-01-10	274.21314853429794
1252	1988-01-11	272.7552775144577
1253	1988-01-12	274.55297151207924
1254	1988-01-13	278.4457394182682
1255	1988-01-14	279.5032292753458
1256	1988-01-15	279.0357800126076
1257	1988-01-16	278.9349414408207
1258	1988-01-17	270.56251975893974
1259	1988-01-18	270.4404847025871
1260	1988-01-19	268.5242949873209
1261	1988-01-20	267.8267098516226
1262	1988-01-21	267.0358185172081
1263	1988-01-22	267.2721752077341
1264	1988-01-23	266.6190975904465
1265	1988-01-24	264.76538720726967
1266	1988-01-25	255.93053704500198
1267	1988-01-26	260.6155016981065
1268	1988-01-27	261.85045425593853
1269	1988-01-28	256.6996531933546
1270	1988-01-29	270.3845808058977
1271	1988-01-30	267.9329551309347
1272	1988-01-31	259.11172100901604
1273	1988-02-01	267.2901114821434
1274	1988-02-02	266.86432936787605
1275	1988-02-03	272.90741887688637
1276	1988-02-04	266.17997628450394
1277	1988-02-05	275.3393804757791
1278	1988-02-06	274.30969616305083
1279	1988-02-07	282.7780177658424
1280	1988-02-08	280.17773919552565
1281	1988-02-09	279.35853274166584
1282	1988-02-10	280.4598725102842
1283	1988-02-11	277.79696848616004
1284	1988-02-12	280.50115018710494
1285	1988-02-13	275.6611902117729
1286	1988-02-14	280.1040797382593
1287	1988-02-15	280.20466087013483
1288	1988-02-16	277.4844041764736
1289	1988-02-17	275.3025217205286
1290	1988-02-18	274.5139006227255
1291	1988-02-19	272.53380993008614
1292	1988-02-20	267.1703968346119
1293	1988-02-21	273.13907043635845
1294	1988-02-22	263.8245975077152
1295	1988-02-23	270.0049626529217
1296	1988-03-01	264.6752019673586
1297	1988-03-02	266.73985359072685
1298	1988-03-03	270.0329379737377
1299	1988-03-04	269.30200055241585
1300	1988-03-05	277.0198857188225
1301	1988-03-06	279.3397624492645
1302	1988-03-07	282.430089071393
1303	1988-03-08	289.792511805892
1304	1988-03-10	283.41906893253326
1305	1988-03-11	278.25497148931026
1306	1988-03-12	281.30234119296074
1307	1988-03-13	280.82889827061445
1308	1988-03-14	270.3633059002459
1309	1988-03-15	268.26424542535096
1310	1988-03-16	267.9778289361857
1311	1988-03-17	268.2372720390558
1312	1988-03-18	263.0374874174595
1313	1988-03-19	263.55878189206123
1314	1988-03-20	266.2405566871166
1315	1988-03-21	260.9581065773964
1316	1988-03-22	262.1187542974949
1317	1988-03-23	262.78012327849865
1318	1988-03-24	269.6325921267271
1319	1988-03-25	266.8645129650831
1320	1988-03-26	275.48004880547523
1321	1988-03-27	283.0183063149452
1322	1988-03-28	282.3845691382885
1323	1988-03-29	287.9802290201187
1324	1988-03-30	279.55591055750847
1325	1988-03-31	281.3226138949394
1326	1988-04-01	265.6276151537895
1327	1988-04-02	269.5673913061619
1328	1988-04-03	271.01416712999344
1329	1988-04-04	264.1095045506954
1330	1988-04-05	274.29350382089615
1331	1988-04-06	269.22305434942245
1332	1988-04-07	270.0770463645458
1333	1988-04-09	269.7465806789696
1334	1988-04-10	266.9978166297078
1335	1988-04-11	264.9440914914012
1336	1988-04-12	257.38590045645833
1337	1988-04-13	254.82957220450044
1338	1988-04-14	259.28198816627264
1339	1988-04-15	259.577996276319
1340	1988-04-16	263.0669271759689
1341	1988-04-17	263.493519552052
1342	1988-04-18	266.64422296360135
1343	1988-04-19	264.1196516826749
1344	1988-04-20	263.49094977229834
1345	1988-04-21	253.4487577304244
1346	1988-04-22	262.2250642478466
1347	1988-04-23	261.27303770184517
1348	1988-04-24	263.291237950325
1349	1988-04-25	263.31571012735367
1350	1988-04-26	262.25630274415016
1351	1988-04-27	265.6261061131954
1352	1988-04-28	263.7179656624794
1353	1988-04-29	271.50709742307663
1354	1988-04-30	266.13950777053833
1355	1988-05-01	246.9073730558157
1356	1988-05-02	249.84171998500824
1357	1988-05-03	257.5104776918888
1358	1988-05-04	262.0186975598335
1359	1988-05-05	258.53036281466484
1360	1988-05-06	262.694095492363
1361	1988-05-07	263.8822564780712
1362	1988-05-08	266.85804361104965
1363	1988-05-09	266.15477231144905
1364	1988-05-10	275.21566051244736
1365	1988-05-11	259.36674442887306
1366	1988-05-12	268.71304965019226
1367	1988-05-13	268.51126822829247
1368	1988-05-14	270.80550906062126
1369	1988-05-15	271.70778881013393
1370	1988-05-16	266.76175394654274
1371	1988-05-17	263.6379922442138
1372	1988-05-18	260.06371277570724
1373	1988-05-19	252.96007168293
1374	1988-05-20	253.58372923731804
1375	1988-05-21	258.5529727935791
1376	1988-05-22	264.6619870662689
1377	1988-05-23	259.86104941368103
1378	1988-05-24	264.83912032842636
1379	1988-05-25	262.3597637414932
1380	1988-05-26	262.01440250873566
1381	1988-05-27	267.0962960720062
1382	1988-05-28	270.61710798740387
1383	1988-05-29	280.5168828368187
1384	1988-05-30	279.590725004673
1385	1988-05-31	278.8190795481205
1386	1988-06-01	271.43036401830614
1387	1988-06-02	267.6272613359615
1388	1988-06-03	262.55053989589214
1389	1988-06-04	253.65739270299673
1390	1988-06-05	257.1574990823865
1391	1988-06-06	259.4506908580661
1392	1988-06-07	258.6232766956091
1393	1988-06-08	253.86105044931173
1394	1988-06-09	257.5742538878694
1395	1988-06-10	257.20171098411083
1396	1988-06-11	256.6974095031619
1397	1988-06-12	255.24578395485878
1398	1988-06-13	250.6947767585516
1399	1988-06-14	243.1827137619257
1400	1988-06-15	242.48213647305965
1401	1988-06-16	247.29902988672256
1402	1988-06-17	242.5433095060289
1403	1988-06-18	239.16098995879292
1404	1988-06-19	238.8404857441783
1405	1988-06-20	240.83986059576273
1406	1988-06-21	238.47273476421833
1407	1988-06-22	237.0271430425346
1408	1988-06-23	236.52738630771637
1409	1988-06-24	228.7723486199975
1410	1988-06-25	223.1939196512103
1411	1988-06-26	227.42374708503485
1412	1988-06-27	222.87971295416355
1413	1988-06-28	227.88187351822853
1414	1988-06-29	220.91497500799596
1415	1988-06-30	203.19699028134346
1416	1988-07-01	189.883230259642
1417	1988-07-02	189.5664354939945
1418	1988-07-03	195.17567025870085
1419	1988-07-04	189.94163834303617
1420	1988-07-05	188.40732423216105
1421	1988-07-06	185.8952930662781
1422	1988-07-07	184.97014473192394
1423	1988-07-08	182.2796377763152
1424	1988-07-09	174.780801653862
1425	1988-07-10	171.94368394464254
1426	1988-07-11	163.0448536016047
1427	1988-07-13	165.24258944764733
1428	1988-07-14	165.04570662230253
1429	1988-07-15	167.63509080559015
1430	1988-07-16	165.08277198299766
1431	1988-07-17	161.20860639214516
1432	1988-07-18	164.84861346706748
1433	1988-07-19	161.14267437532544
1434	1988-07-20	160.4595522917807
1435	1988-07-21	159.17216834239662
1436	1988-07-22	162.83301438693888
1437	1988-07-23	162.71029437123798
1438	1988-07-24	163.7538315206766
1439	1988-07-25	160.568238154985
1440	1988-07-26	157.20534702949226
1441	1988-07-27	157.24921709299088
1442	1988-07-28	156.7813121434301
1443	1988-07-29	159.90763600170612
1444	1988-07-30	158.61402140557766
1445	1988-07-31	157.79418696463108
1446	1988-08-01	147.18424257356673
1447	1988-08-02	153.0462951194495
1448	1988-08-03	155.89874511025846
1449	1988-08-04	152.45544612966478
1450	1988-08-05	156.35401121666655
1451	1988-08-06	142.63894897932187
1452	1988-08-07	142.24000411108136
1453	1988-08-08	131.59249702846137
1454	1988-08-09	132.54870175541146
1455	1988-08-10	130.73331703990698
1456	1988-08-11	127.67385442834347
1457	1988-08-12	128.72366178222
1458	1988-08-13	119.63362198881805
1459	1988-08-14	125.12355896085501
1460	1988-08-15	132.6407090499997
1461	1988-08-16	129.92795821279287
1462	1988-08-17	139.26712374389172
1463	1988-08-18	142.53608620166779
1464	1988-08-19	145.6455905586481
1465	1988-08-20	145.66131685301661
1466	1988-08-21	137.88982832059264
1467	1988-08-22	140.5016728490591
1468	1988-08-23	137.36109365522861
1469	1988-08-24	132.77556823939085
1470	1988-08-25	133.08095417544246
1471	1988-08-26	134.28305954067037
1472	1988-08-27	134.34093415737152
1473	1988-08-28	139.12055366113782
1474	1988-08-29	133.2403507232666
1475	1988-08-30	127.58735952246934
1476	1988-08-31	132.79076207242906
1477	1988-09-01	131.36130325496197
1478	1988-09-02	133.12796506285667
1479	1988-09-03	132.84167683124542
1480	1988-09-04	126.4801387488842
1481	1988-09-05	126.15333988517523
1482	1988-09-06	125.63687652349472
1483	1988-09-07	125.3752782791853
1484	1988-09-08	131.35790183395147
1485	1988-09-09	125.71267309784889
1486	1988-09-10	119.90124605596066
1487	1988-09-11	121.84436869621277
1488	1988-09-14	128.13148958981037
1489	1988-09-15	123.16291354596615
1490	1988-09-16	115.07201333716512
1491	1988-09-17	113.75954863149673
1492	1988-09-18	110.19371507485266
1493	1988-09-19	106.78799122199416
1494	1988-09-20	106.16260831058025
1495	1988-09-21	103.37931655813009
1496	1988-09-22	103.83906730520539
1497	1988-09-23	103.67828192561865
1498	1988-09-24	107.59644392877817
1499	1988-09-25	104.57373238354921
1500	1988-09-26	102.44271641992964
1501	1988-09-27	105.17681739479303
1502	1988-09-28	103.97640309482813
1503	1988-09-29	101.30029619392008
1504	1988-09-30	100.83020839840174
1505	1988-10-01	103.04081569699338
1506	1988-10-02	101.98836241988465
1507	1988-10-04	104.6183352121152
1508	1988-10-05	111.7510719490383
1509	1988-10-06	110.68664629012346
1510	1988-10-09	112.07027499563992
1511	1988-10-10	110.14566318690777
1512	1988-10-11	110.33904682099819
1513	1988-10-12	108.34013006836176
1514	1988-10-13	106.5598905235529
1515	1988-10-14	103.87611839175224
1516	1988-10-15	111.24277025461197
1517	1988-10-16	105.95377700030804
1518	1988-10-17	100.71531916409731
1519	1988-10-18	100.38148928433657
1520	1988-10-19	90.4217364192009
1521	1988-10-20	90.06287233531475
1522	1988-10-21	88.44848494231701
1523	1988-10-22	83.8041587844491
1524	1988-10-23	83.78831859305501
1525	1988-10-24	81.5444080978632
1526	1988-10-25	80.45738966017962
1527	1988-10-26	80.2864102339372
1528	1988-10-27	80.75294620543718
1529	1988-10-28	79.84850456938148
1530	1988-10-29	76.65565752610564
1531	1988-10-30	80.15772410482168
1532	1988-11-02	85.92906149942428
1533	1988-11-03	82.99094754061662
1534	1988-11-04	80.3520120648318
1535	1988-11-05	73.35677974577993
1536	1988-11-06	75.1041314800932
1537	1988-11-07	73.61899128522504
1538	1988-11-08	73.66826893827238
1539	1988-11-09	72.22355504130246
1540	1988-11-10	73.64691773815593
1541	1988-11-11	72.10430043004453
1542	1988-11-12	72.1144740646705
1543	1988-11-13	71.44436697522178
1544	1988-11-14	69.94946360960603
1545	1988-11-15	68.81592658997397
1546	1988-11-16	73.86877980129793
1547	1988-11-17	70.53682735934854
1548	1988-11-18	66.7846999168396
1549	1988-11-19	67.56675770133734
1550	1988-11-20	65.54119746387005
1551	1988-11-21	61.296094223856926
1552	1988-11-22	71.50646990933456
1553	1988-11-23	71.06281592214691
1554	1988-11-24	70.84544960016501
1555	1988-11-25	70.88793701864779
1556	1988-11-26	70.14755360689014
1557	1988-11-27	71.27085359115154
1558	1988-11-28	71.52532771788538
1559	1988-11-29	72.59731383435428
1560	1988-11-30	68.18786637298763
1561	1988-12-01	71.84094488620758
1562	1988-12-02	68.82596120238304
1563	1988-12-03	70.53249594569206
1564	1988-12-04	68.36221387982368
1565	1988-12-05	64.88337728381157
1566	1988-12-06	63.13505471497774
1567	1988-12-08	58.531586185097694
1568	1988-12-09	58.30213679373264
1569	1988-12-10	57.853939486667514
1570	1988-12-11	54.98839609697461
1571	1988-12-12	55.13298998400569
1572	1988-12-13	59.046092784032226
1573	1988-12-14	59.3290512226522
1574	1988-12-15	59.628422710695304
1575	1988-12-16	58.38173836842179
1576	1988-12-17	60.73463561758399
1577	1988-12-18	58.63684341683984
1578	1988-12-19	62.53316369652748
1579	1988-12-20	62.59438186697662
1580	1988-12-21	61.54721156647429
1581	1988-12-22	69.49308245815337
1582	1988-12-23	68.27177262119949
1583	1988-12-24	68.86733186244965
1584	1988-12-25	69.03012737631798
1585	1988-12-26	66.61828336119652
1586	1988-12-27	63.56014055758715
1587	1988-12-28	65.09637347608805
1588	1988-12-29	58.97279816120863
1589	1988-12-30	62.42309902184752
1590	1988-12-31	61.579950630664825
1591	1989-01-01	62.566798374056816
1592	1989-01-02	55.64133229851723
1593	1989-01-03	57.28240919113159
1594	1989-01-04	55.589769795536995
1595	1989-01-05	46.65852928161621
1596	1989-01-06	48.69890373945236
1597	1989-01-07	48.85094076395035
1598	1989-01-08	47.887237668037415
1599	1989-01-09	46.19601133465767
1600	1989-01-10	44.700427532196045
1601	1989-01-11	46.60389432311058
1602	1989-01-12	36.6153569072485
1603	1989-01-13	42.10111099854112
1604	1989-01-14	43.16260079666972
1605	1989-01-15	43.68276013433933
1606	1989-01-16	42.8062531799078
1607	1989-01-17	43.572987735271454
1608	1989-01-18	44.06660424917936
1609	1989-01-19	43.995957139879465
1610	1989-01-20	43.6436944976449
1611	1989-01-21	53.298433750867844
1612	1989-01-22	53.10550170438364
1613	1989-01-23	53.709413738921285
1614	1989-01-24	53.55107331695035
1615	1989-01-25	51.729245629161596
1616	1989-01-27	51.38510030973703
1617	1989-01-28	51.580210622400045
1618	1989-01-29	50.0392279131338
1619	1989-01-30	52.415560483932495
1620	1989-01-31	52.33158220350742
1621	1989-02-01	45.647814989089966
1622	1989-02-02	39.58729267120361
1623	1989-02-03	40.49843686632812
1624	1989-02-04	38.491872668266296
1625	1989-02-05	36.73477579280734
1626	1989-02-06	37.07090513780713
1627	1989-02-07	37.07408231496811
1628	1989-02-08	36.47090510651469
1629	1989-02-09	36.49714646860957
1630	1989-02-10	35.60407471656799
1631	1989-02-11	35.37653052061796
1632	1989-02-12	35.55042107403278
1633	1989-02-13	36.586634408682585
1634	1989-02-14	36.08452466502786
1635	1989-02-15	36.54246826842427
1636	1989-02-16	36.4083801433444
1637	1989-02-17	36.629071187227964
1638	1989-02-18	36.385866194963455
1639	1989-02-19	34.785211592912674
1640	1989-02-20	37.31125367805362
1641	1989-02-21	41.13788689300418
1642	1989-02-22	44.724364744499326
1643	1989-02-23	46.504217696376145
1644	1989-02-24	46.20829186588526
1645	1989-02-25	45.60318908281624
1646	1989-02-26	44.89885749248788
1647	1989-02-27	45.00476020248607
1648	1989-02-28	43.520055214408785
1649	1989-03-01	40.719152191188186
1650	1989-03-02	39.40575190249365
1651	1989-03-03	36.45941911260161
1652	1989-03-04	33.991816811510944
1653	1989-03-05	34.44257559025573
1654	1989-03-06	33.13576032681158
1655	1989-03-07	32.0352142136544
1656	1989-03-08	31.785326175391674
1657	1989-03-09	31.77406937746855
1658	1989-03-11	31.58978569442843
1659	1989-03-12	31.634706494641705
1660	1989-03-13	31.928369829896837
1661	1989-03-20	32.134104617871344
1662	1989-03-21	31.87569299712777
1663	1989-03-22	33.03064838098362
1664	1989-03-23	32.75901973270811
1665	1989-03-24	33.41353882936528
1666	1989-03-25	33.74918187897765
1667	1989-03-26	33.56584462430328
1668	1989-03-27	32.04986630892381
1669	1989-03-28	34.407348066568375
1670	1989-03-29	33.26691049709916
1671	1989-03-30	42.34852810204029
1672	1989-03-31	46.75782968848944
1673	1989-04-01	54.23753427900374
1674	1989-04-02	50.17452673986554
1675	1989-04-03	40.42458281479776
1676	1989-04-04	39.211030550301075
1677	1989-04-05	37.13830988947302
1678	1989-04-06	36.52353774942458
1679	1989-04-07	36.81532071880065
1680	1989-04-08	34.676181614398956
1681	1989-04-09	32.26109046675265
1682	1989-04-10	32.68805305659771
1683	1989-04-11	32.58172187209129
1684	1989-04-12	32.48203691933304
1685	1989-04-13	30.488689447985962
1686	1989-04-14	30.993029656636736
1687	1989-04-15	30.554651122380164
1688	1989-04-16	29.806149466428906
1689	1989-04-17	28.69250426068902
1690	1989-04-18	28.6588354986161
1691	1989-04-19	28.70344389230013
1692	1989-04-20	28.563835807144642
1693	1989-04-21	29.658842699136585
1694	1989-04-22	29.126677986234426
1695	1989-04-23	32.42938994988799
1696	1989-04-24	33.891235411167145
1697	1989-04-25	32.98594593256712
1698	1989-04-26	31.31317381747067
1699	1989-04-27	30.565345274750143
1700	1989-04-28	28.085232550627552
1701	1989-04-29	39.68058750173077
1702	1989-04-30	43.09467256069183
1703	1989-05-01	41.7172341728583
1704	1989-05-02	39.48644257965498
1705	1989-05-03	31.521714268019423
1706	1989-05-04	31.21940681617707
1707	1989-05-05	31.13252078462392
1708	1989-05-06	31.229710757848807
1709	1989-05-07	31.200906152895186
1710	1989-05-08	28.56496092211455
1711	1989-05-09	27.489933965262026
1712	1989-05-10	28.591745374258608
1713	1989-05-11	28.681623551994562
1714	1989-05-12	29.031002512201667
1715	1989-05-14	27.91903597302735
1716	1989-05-15	28.60029098391533
1717	1989-05-16	28.373147577047348
1718	1989-05-17	28.26984539628029
1719	1989-05-18	27.79701453447342
1720	1989-05-19	27.610100008547306
1721	1989-05-20	28.178282119333744
1722	1989-05-21	28.15213155001402
1723	1989-05-22	26.27037788555026
1724	1989-05-23	26.996908631175756
1725	1989-05-24	26.555616334080696
1726	1989-05-25	26.817115994170308
1727	1989-05-26	26.996048590168357
1728	1989-05-27	26.049081499688327
1729	1989-05-28	26.602636714380424
1730	1989-05-29	26.638524858746678
1731	1989-05-30	37.61598467826843
1732	1989-05-31	41.856761895120144
1733	1989-06-01	31.0236716887448
1734	1989-06-02	29.66111256321892
1735	1989-06-03	24.73421129118651
1736	1989-06-04	25.239855721592903
1737	1989-06-05	25.845990830101073
1738	1989-06-06	27.553392596077174
1739	1989-06-07	26.354165229946375
1740	1989-06-08	28.739945948123932
1741	1989-06-09	25.623209830373526
1742	1989-06-10	26.637010797858238
1743	1989-06-11	26.42480854690075
1744	1989-06-12	26.35741662234068
1745	1989-06-13	25.709110356867313
1746	1989-06-14	26.31793138384819
1747	1989-06-15	26.236606299877167
1748	1989-06-16	26.16672493517399
1749	1989-06-17	25.558983758091927
1750	1989-06-18	25.2341887652874
1751	1989-06-19	25.139564303681254
1752	1989-06-20	25.970926091074944
1753	1989-06-21	26.39317713677883
1754	1989-06-22	25.539191387593746
1755	1989-06-23	24.561357267200947
1756	1989-06-24	24.930081859230995
1757	1989-06-26	24.394052676856518
1758	1989-06-27	24.629290342330933
1759	1989-06-28	25.415383838117123
1760	1989-06-29	22.361035749316216
1761	1989-06-30	32.675159484148026
1762	1989-07-01	32.20984070468694
1763	1989-07-02	35.971474029822275
1764	1989-07-03	34.16413496923633
1765	1989-07-05	27.783727277070284
1766	1989-07-06	27.990868305787444
1767	1989-07-07	27.99996205745265
1768	1989-07-08	27.52540338125982
1769	1989-07-10	27.69366293773055
1770	1989-07-11	28.60978118609637
1771	1989-07-12	25.860783360432833
1772	1989-07-13	26.2375103328377
1773	1989-07-14	25.252959094941616
1774	1989-07-15	25.1327216476202
1775	1989-07-16	24.393252357840538
1776	1989-07-17	24.658929497003555
1777	1989-07-18	24.858551144599915
1778	1989-07-19	25.79836094379425
1779	1989-07-20	26.078709080815315
1780	1989-07-21	25.73558670282364
1781	1989-07-22	24.729188844561577
1782	1989-07-23	24.138921007514
1783	1989-07-24	25.75709654390812
1784	1989-07-25	25.55560192465782
1785	1989-07-26	25.922657661139965
1786	1989-07-27	25.046150340232998
1787	1989-07-28	24.731355944182724
1788	1989-07-29	23.995459801488323
1789	1989-07-30	22.71981052000774
1790	1989-07-31	22.647567036152523
1791	1989-08-01	31.12454546522349
1792	1989-08-02	31.681589805222757
1793	1989-08-03	30.821678929030895
1794	1989-08-04	29.478591188788414
1795	1989-08-05	26.467489667236805
1796	1989-08-06	27.46809298545122
1797	1989-08-07	27.013224951922894
1798	1989-08-08	26.249581410538212
1799	1989-08-09	27.054887466831133
1800	1989-08-10	27.45063748396933
1801	1989-08-11	28.002123756334186
1802	1989-08-12	29.105787188746035
1803	1989-08-13	29.40820105932653
1804	1989-08-14	28.29786710627377
1805	1989-08-15	27.15339594334364
1806	1989-08-16	27.739726416766644
1807	1989-08-17	27.2053040638566
1808	1989-08-18	27.832936577498913
1809	1989-08-19	26.652079842984676
1810	1989-08-20	26.13746539503336
1811	1989-08-21	25.149774610996246
1812	1989-08-22	24.4888724014163
1813	1989-08-23	25.08678836375475
1814	1989-08-24	26.20515975356102
1815	1989-08-25	26.06391379237175
1816	1989-08-26	26.268760591745377
1817	1989-08-27	26.550249449908733
1818	1989-08-28	26.364902153611183
1819	1989-08-29	26.51728866621852
1820	1989-08-30	25.401358492672443
1821	1989-08-31	33.672081634402275
1822	1989-09-01	32.442914539948106
1823	1989-09-02	32.797633243724704
1824	1989-09-03	34.22000252082944
1825	1989-09-04	33.16863452573307
1826	1989-09-06	34.19462920341175
1827	1989-09-07	32.68187253805809
1828	1989-09-08	32.601724340580404
1829	1989-09-09	31.13147037057206
1830	1989-09-10	31.813272021710873
1831	1989-09-11	32.34746052324772
1832	1989-09-12	32.96369689702988
1833	1989-09-13	32.68795248866081
1834	1989-09-14	34.88566634058952
1835	1989-09-15	35.819575529545546
1836	1989-09-16	36.31829768233001
1837	1989-09-17	37.205748630687594
1838	1989-09-18	38.14438860025257
1839	1989-09-19	38.5460701873526
1840	1989-09-20	39.83208236657083
1841	1989-09-21	41.146146930754185
1842	1989-09-22	43.27048010379076
1843	1989-09-23	44.15206350386143
1844	1989-09-24	42.79304048605263
1845	1989-09-25	42.996078468859196
1846	1989-09-26	42.29899575561285
1847	1989-09-27	44.85386807844043
1848	1989-09-28	38.23266064375639
1849	1989-09-29	35.26618904573843
1850	1989-09-30	34.10764845367521
1851	1989-10-01	53.93141559511423
1852	1989-10-02	52.64619157090783
1853	1989-10-03	56.64497931860387
1854	1989-10-04	54.08458132967661
1855	1989-10-05	52.86720248423825
1856	1989-10-06	54.40288369450718
1857	1989-10-08	51.144582644395996
1858	1989-10-09	50.58810524479486
1859	1989-10-10	51.619877863675356
1860	1989-10-11	54.94982926174998
1861	1989-10-12	53.43009736202657
1862	1989-10-13	52.47761651745532
1863	1989-10-14	51.022447929368354
1864	1989-10-15	53.006309551768936
1865	1989-10-16	52.741331137833185
1866	1989-10-17	50.26441032625735
1867	1989-10-18	50.82308474741876
1868	1989-10-19	50.60402071941644
1869	1989-10-20	49.77780572604388
1870	1989-10-21	49.09863587655127
1871	1989-10-22	47.49436412192881
1872	1989-10-23	49.16919756680727
1873	1989-10-24	45.969769502058625
1874	1989-10-25	45.53353617666289
1875	1989-10-26	45.16619344521314
1876	1989-10-27	43.4710031622526
1877	1989-10-28	41.89593509491533
1878	1989-10-29	39.959692689590156
1879	1989-10-30	34.67629246041179
1880	1989-10-31	38.314199686050415
1881	1989-11-01	37.656180649995804
1882	1989-11-02	39.862213265150785
1883	1989-11-03	38.07813731580973
1884	1989-11-04	36.58253678679466
1885	1989-11-05	35.96350668556988
1886	1989-11-06	32.40714028477669
1887	1989-11-07	31.340839497745037
1888	1989-11-08	31.692649925127625
1889	1989-11-09	30.513532657176256
1890	1989-11-10	32.286325838882476
1891	1989-11-11	31.542733814567327
1892	1989-11-12	31.355036348104477
1893	1989-11-13	32.66555512417108
1894	1989-11-14	32.58380139991641
1895	1989-11-15	34.131884180009365
1896	1989-11-16	34.99498315528035
1897	1989-11-17	36.03495826944709
1898	1989-11-18	37.20728436112404
1899	1989-11-19	38.01151227578521
1900	1989-11-20	38.42837485863129
1901	1989-11-21	39.47929953122275
1902	1989-11-22	39.080501973714945
1903	1989-11-23	39.85746634565294
1904	1989-11-24	39.49292803215212
1905	1989-11-25	39.858154710702365
1906	1989-11-26	38.657030180096626
1907	1989-11-27	37.32419477403164
1908	1989-11-28	32.98247047048062
1909	1989-11-29	29.83757103976677
1910	1989-11-30	36.416018694639206
1911	1989-12-01	33.04079008847475
1912	1989-12-02	32.34651515632868
1913	1989-12-03	32.770869856889476
1914	1989-12-04	32.34122902119998
1915	1989-12-05	31.498778581619263
1916	1989-12-06	31.77372696530074
1917	1989-12-07	32.47694878000766
1918	1989-12-08	32.91233381256461
1919	1989-12-09	33.88728594314307
1920	1989-12-10	37.70826319232583
1921	1989-12-11	38.25403528660536
1922	1989-12-12	38.4158968180418
1923	1989-12-13	40.1572487577796
1924	1989-12-14	42.577201783657074
1925	1989-12-15	43.67952881753445
1926	1989-12-16	45.51957331597805
1927	1989-12-17	46.28780676424503
1928	1989-12-18	44.93752130866051
1929	1989-12-19	43.78721609711647
1930	1989-12-20	50.42140653729439
1931	1989-12-21	52.04203283786774
1932	1989-12-22	53.8734245300293
1933	1989-12-23	55.0033994615078
1934	1989-12-24	55.192704141139984
1935	1989-12-25	57.79135301709175
1936	1989-12-26	59.050025790929794
1937	1989-12-27	62.736165300011635
1938	1989-12-28	65.50059604644775
1939	1989-12-29	66.43770170211792
1940	1989-12-30	83.40802824497223
1941	1989-12-31	75.6040118932724
1942	1990-01-01	79.16296330839396
1943	1990-01-02	66.9264769256115
1944	1990-01-03	68.02061730623245
1945	1990-01-04	68.65491226315498
1946	1990-01-05	67.9893334209919
1947	1990-01-06	69.36180073022842
1948	1990-01-07	72.77436071634293
1949	1990-01-08	75.49299705028534
1950	1990-01-09	78.72423976659775
1951	1990-01-10	80.71874821186066
1952	1990-01-11	81.98673754930496
1953	1990-01-12	83.71831449866295
1954	1990-01-13	84.3773507475853
1955	1990-01-14	84.93910118937492
1956	1990-01-15	84.887502014637
1957	1990-01-16	84.6380826830864
1958	1990-01-17	84.86343991756439
1959	1990-01-18	85.13759005069733
1960	1990-01-19	84.48562586307526
1961	1990-01-20	84.03867816925049
1962	1990-01-21	83.61221158504486
1963	1990-01-22	82.96871602535248
1964	1990-01-23	83.66614043712616
1965	1990-01-24	83.08151948451996
1966	1990-01-25	82.4616551399231
1967	1990-01-26	80.16601777076721
1968	1990-01-27	82.05307364463806
1969	1990-01-28	78.30555039644241
1970	1990-01-29	78.41678255796432
1971	1990-01-30	77.59141719341278
1972	1990-01-31	70.50585317844525
1973	1990-02-01	74.3157993555069
1974	1990-02-02	71.8708113769535
1975	1990-02-03	73.85613711178303
1976	1990-02-04	75.5782828181982
1977	1990-02-05	73.98531261086464
1978	1990-02-06	73.54793575778604
1979	1990-02-07	73.2835632711649
1980	1990-02-08	68.97400417923927
1981	1990-02-09	66.498370539397
1982	1990-02-10	67.12042546644807
1983	1990-02-11	66.97928582504392
1984	1990-02-12	66.87253449484706
1985	1990-02-13	67.10690981894732
1986	1990-02-14	67.20362859778106
1987	1990-02-15	65.95513367839158
1988	1990-02-17	65.86314390320331
1989	1990-02-18	65.5638467016397
1990	1990-02-19	63.51658288616454
1991	1990-02-20	63.038270003395155
1992	1990-02-21	62.521582502289675
1993	1990-02-22	59.79477346595377
1994	1990-02-23	58.760293163359165
1995	1990-02-24	56.78900192677975
1996	1990-02-25	59.15644712746143
1997	1990-02-26	58.72536703199148
1998	1990-02-27	57.062096647918224
1999	1990-03-01	57.28784254193306
2000	1990-03-02	56.55801894888282
2001	1990-03-03	58.21991973184049
2002	1990-03-04	56.614908915013075
2003	1990-03-05	56.41089946962893
2004	1990-03-06	56.12485062982887
2005	1990-03-08	53.0930199213326
2006	1990-03-09	50.87263048347086
2007	1990-03-10	50.60703013557941
2008	1990-03-11	50.87043320084922
2009	1990-03-12	52.695481519796886
2010	1990-03-13	51.351241073338315
2011	1990-03-14	51.6664937841706
2012	1990-03-15	52.26320103369653
2013	1990-03-16	52.1059907944873
2014	1990-03-17	52.569105722010136
2015	1990-03-18	52.47820069640875
2016	1990-03-19	54.40963984653354
2017	1990-03-20	57.02925679460168
2018	1990-03-21	58.550546548329294
2019	1990-03-22	67.63158262893558
2020	1990-03-23	68.36598943918943
2021	1990-03-24	68.88668229430914
2022	1990-03-25	68.19662886857986
2023	1990-03-26	69.75011659413576
2024	1990-03-27	70.96947034448385
2025	1990-03-28	73.64329938217998
2026	1990-03-30	73.80678477883339
2027	1990-03-31	76.39197740703821
2028	1990-04-03	31.47163438796997
2029	1990-04-04	42.89419208467007
2030	1990-04-05	45.18108509480953
2031	1990-04-06	57.439463845454156
2032	1990-04-07	95.20730281341821
2033	1990-04-14	95.5085135162808
2034	1990-04-15	80.49888719432056
2035	1990-04-16	82.01957645700895
2036	1990-04-18	87.15960796922445
2037	1990-04-19	87.2209686798742
2038	1990-04-20	87.57988718336725
2039	1990-04-21	87.43472904752707
2040	1990-04-22	89.82427160785574
2041	1990-04-23	91.90419039432891
2042	1990-04-24	92.20425695122685
2043	1990-04-25	94.7632666642894
2044	1990-04-26	98.72078323969617
2045	1990-04-27	99.05980875651039
2046	1990-04-28	99.40249576373026
2047	1990-04-29	104.92967973812483
2048	1990-04-30	108.45172757725231
2049	1990-05-01	0.0
2050	1990-05-02	0.0
2051	1990-05-03	5.098299980163574
2052	1990-05-04	5.971643924713135
2053	1990-05-05	7.07508111000061
2054	1990-05-06	11.94320148229599
2055	1990-05-07	10.54112195968628
2056	1990-05-09	11.93546336889267
2057	1990-05-10	41.43505501747131
2058	1990-05-11	46.244993686676025
2059	1990-05-12	63.818561881780624
2060	1990-05-13	64.471331179142
2061	1990-05-15	73.12965934723616
2062	1990-05-16	97.73235220788047
2063	1990-05-17	99.26750956563046
2064	1990-05-18	100.71064214222133
2065	1990-05-19	101.39340978115797
2066	1990-05-21	102.22107914218213
2067	1990-05-23	105.68405255416292
2068	1990-05-24	107.15221367968479
2069	1990-05-25	102.20381192676723
2070	1990-05-27	103.75960471853614
2071	1990-05-28	103.26484009623528
2072	1990-05-29	108.76125649228925
2073	1990-05-30	108.09734065597877
2074	1990-05-31	105.56146932765841
2075	1990-06-01	0.0
2076	1990-06-02	0.0
2077	1990-06-04	8.254476547241211
2078	1990-06-06	8.555583953857422
2079	1990-06-07	8.555583953857422
2080	1990-06-08	9.71196174621582
2081	1990-06-09	11.118722915649414
2082	1990-06-10	9.378963470458984
2083	1990-06-11	12.16029691696167
2084	1990-06-12	16.39292621612549
2085	1990-06-13	14.675939559936523
2086	1990-06-14	15.864243149757385
2087	1990-06-15	45.827980041503906
2088	1990-06-16	52.03075122833252
2089	1990-06-17	61.10265912860632
2090	1990-06-18	67.41206472646445
2091	1990-06-19	66.53160101361573
2092	1990-06-20	103.65620796184521
2093	1990-06-21	99.62603844761179
2094	1990-06-22	100.79148914734833
2095	1990-06-23	97.32094658538699
2096	1990-06-24	98.86528732720762
2097	1990-06-25	100.82531407446368
2098	1990-06-26	107.17207533121109
2099	1990-06-27	110.43095896067098
2100	1990-06-28	108.19838034361601
2101	1990-06-29	111.90559949167073
2102	1990-06-30	120.3213638663292
2103	1990-07-01	0.0
2104	1990-07-02	0.0
2105	1990-07-03	0.0
2106	1990-07-04	0.0
2107	1990-07-05	0.0
2108	1990-07-06	0.0
2109	1990-07-07	0.0
2110	1990-07-08	10.597146034240723
2111	1990-07-09	11.863080978393555
2112	1990-07-10	10.624990463256836
2113	1990-07-11	14.697907447814941
2114	1990-07-12	17.92562770843506
2115	1990-07-13	18.380632400512695
2116	1990-07-14	19.483633399009705
2117	1990-07-15	21.949048280715942
2118	1990-07-16	26.65025043487549
2119	1990-07-17	52.641024589538574
2120	1990-07-18	60.47461014217697
2121	1990-07-19	61.33103956957348
2122	1990-07-20	93.93103183433414
2123	1990-07-21	94.7515643023653
2124	1990-07-23	92.51299760583788
2125	1990-07-24	95.61288013774902
2126	1990-07-25	97.10348628275096
2127	1990-07-26	94.27085656672716
2128	1990-07-28	92.97830561548471
2129	1990-07-29	93.84847703576088
2130	1990-07-30	93.38675706088543
2131	1990-07-31	97.03831566870213
2132	1990-08-01	0.0
2133	1990-08-02	0.0
2134	1990-08-03	0.0
2135	1990-08-04	0.0
2136	1990-08-05	0.0
2137	1990-08-06	0.0
2138	1990-08-07	0.0
2139	1990-08-08	0.0
2140	1990-08-09	10.739500045776367
2141	1990-08-10	12.265192985534668
2142	1990-08-11	10.73009967803955
2143	1990-08-12	14.811457633972168
2144	1990-08-13	16.271071910858154
2145	1990-08-14	16.075496673583984
2146	1990-08-15	16.686397552490234
2147	1990-08-16	22.54315996170044
2148	1990-08-17	31.98309564590454
2149	1990-08-18	27.474008083343506
2150	1990-08-20	30.440373063087463
2151	1990-08-21	30.639827489852905
2152	1990-08-22	76.96712023764849
2153	1990-08-23	80.60216636955738
2154	1990-08-24	67.42037956416607
2155	1990-08-26	70.43519918620586
2156	1990-08-27	73.22895683348179
2157	1990-08-28	77.1606564372778
2158	1990-08-29	91.86523709259927
2159	1990-08-30	87.34077366441488
2160	1990-08-31	89.77201678417623
2161	1990-09-01	0.0
2162	1990-09-03	0.0
2163	1990-09-04	0.0
2164	1990-09-06	0.0
2165	1990-09-07	0.0
2166	1990-09-08	0.0
2167	1990-09-09	0.0
2168	1990-09-10	0.0
2169	1990-09-11	0.0
2170	1990-09-12	0.0
2171	1990-09-13	30.525970458984375
2172	1990-09-14	29.781980514526367
2173	1990-09-15	35.51176834106445
2174	1990-09-16	38.90024471282959
2175	1990-09-17	36.87052059173584
2176	1990-09-18	37.12619972229004
2177	1990-09-19	43.61590385437012
2178	1990-09-20	49.901055335998535
2179	1990-09-21	48.70862102508545
2180	1990-09-22	51.908085227012634
2181	1990-09-23	51.69143885374069
2182	1990-09-24	116.57750919088721
2183	1990-09-25	118.2634536139667
2184	1990-09-26	96.37907978333533
2185	1990-09-27	92.29291457717773
2186	1990-09-29	94.8251066931989
2187	1990-09-30	91.52968265813783
2188	1990-10-01	0.0
2189	1990-10-02	0.0
2190	1990-10-03	0.0
2191	1990-10-04	0.0
2192	1990-10-05	0.0
2193	1990-10-06	0.0
2194	1990-10-07	0.0
2195	1990-10-08	0.0
2196	1990-10-09	0.0
2197	1990-10-10	0.0
2198	1990-10-11	0.0
2199	1990-10-12	0.0
2200	1990-10-13	0.0
2201	1990-10-14	0.0
2202	1990-10-15	0.0
2203	1990-10-16	0.0
2204	1990-10-17	29.668020248413086
2205	1990-10-18	29.711639404296875
2206	1990-10-19	32.586849212646484
2207	1990-10-20	32.23479080200195
2208	1990-10-21	37.059813499450684
2209	1990-10-22	33.184972286224365
2210	1990-10-23	31.806364059448242
2211	1990-10-24	32.30299460887909
2212	1990-10-25	83.9734888523817
2213	1990-10-26	77.14686984568834
2214	1990-10-27	74.01842231675982
2215	1990-10-28	73.91378259658813
2216	1990-10-29	77.0212855041027
2217	1990-10-30	72.78977296873927
2218	1990-10-31	75.68336552195251
2219	1990-11-01	0.0
2220	1990-11-02	0.0
2221	1990-11-03	0.0
2222	1990-11-04	0.0
2223	1990-11-05	0.0
2224	1990-11-06	0.0
2225	1990-11-07	0.0
2226	1990-11-08	0.0
2227	1990-11-09	0.0
2228	1990-11-10	0.0
2229	1990-11-11	0.0
2230	1990-11-12	0.0
2231	1990-11-13	0.0
2232	1990-11-14	0.0
2233	1990-11-16	0.0
2234	1990-11-17	0.0
2235	1990-11-18	0.0
2236	1990-11-19	0.0
2237	1990-11-20	0.0
2238	1990-11-21	0.0
2239	1990-11-22	0.0
2240	1990-11-23	0.0
2241	1990-11-24	4.987590789794922
2242	1990-11-25	76.03360216319561
2243	1990-11-26	75.83846640959382
2244	1990-11-27	78.49511368572712
2245	1990-11-28	82.81007176544517
2246	1990-11-29	94.63015148974955
2247	1990-11-30	97.81317710131407
2248	1990-12-01	0.0
2249	1990-12-02	0.0
2250	1990-12-03	0.0
2251	1990-12-04	0.0
2252	1990-12-05	0.0
2253	1990-12-06	0.0
2254	1990-12-07	0.0
2255	1990-12-08	0.0
2256	1990-12-09	0.0
2257	1990-12-10	0.0
2258	1990-12-11	0.0
2259	1990-12-12	0.0
2260	1990-12-13	0.0
2261	1990-12-14	0.0
2262	1990-12-15	0.0
2263	1990-12-16	0.0
2264	1990-12-17	0.0
2265	1990-12-18	0.0
2266	1990-12-19	0.0
2267	1990-12-20	0.0
2268	1990-12-21	0.0
2269	1990-12-22	0.0
2270	1990-12-23	0.0
2271	1990-12-24	0.0
2272	1990-12-25	0.0
2273	1990-12-26	0.0
2274	1990-12-27	0.0
2275	1990-12-28	0.0
2276	1990-12-29	0.0
2277	1990-12-30	0.0
2278	1990-12-31	0.0
2279	1991-01-02	0.0
2280	1991-01-03	0.0
2281	1991-01-04	0.0
2282	1991-01-05	0.0
2283	1991-01-06	0.0
2284	1991-01-07	0.0
2285	1991-01-08	0.0
2286	1991-01-09	0.0
2287	1991-01-10	0.0
2288	1991-01-11	0.0
2289	1991-01-12	0.0
2290	1991-01-13	0.0
2291	1991-01-14	0.0
2292	1991-01-15	0.0
2293	1991-01-16	0.0
2294	1991-01-17	0.0
2295	1991-01-18	0.0
2296	1991-01-19	0.0
2297	1991-01-20	0.0
2298	1991-01-21	0.0
2299	1991-01-22	0.0
2300	1991-01-23	0.0
2301	1991-01-24	0.0
2302	1991-01-25	0.0
2303	1991-01-26	0.0
2304	1991-01-27	0.0
2305	1991-01-29	0.0
2306	1991-01-30	0.0
2307	1991-01-31	0.0
2308	1991-02-01	0.0
2309	1991-02-02	0.0
2310	1991-02-03	0.0
2311	1991-02-04	0.0
2312	1991-02-05	0.0
2313	1991-02-06	0.0
2314	1991-02-07	0.0
2315	1991-02-08	0.0
2316	1991-02-09	0.0
2317	1991-02-10	0.0
2318	1991-02-11	0.0
2319	1991-02-12	0.0
2320	1991-02-13	0.0
2321	1991-02-14	0.0
2322	1991-02-15	0.0
2323	1991-02-16	0.0
2324	1991-02-17	0.0
2325	1991-02-18	0.0
2326	1991-02-19	0.0
2327	1991-02-20	0.0
2328	1991-02-22	0.0
2329	1991-02-23	0.0
2330	1991-02-24	0.0
2331	1991-02-25	0.0
2332	1991-02-26	0.0
2333	1991-02-27	0.0
2334	1991-02-28	0.0
2335	1991-03-01	0.0
2336	1991-03-02	0.0
2337	1991-03-03	0.0
2338	1991-03-04	0.0
2339	1991-03-05	0.0
