1/era5.conv._89644	0-20600-0-89644
1/era5.conv._35225	0-20600-0-35225
1/era5.conv._52983	0-20600-0-52983
1/era5.conv._71976	0-20600-0-71976
1/era5.conv._52657	0-20600-0-52657
1/era5.conv._96535	0-20600-0-96535
1/era5.conv._38343	0-20600-0-38343
1/era5.conv._28601	0-20600-0-28601
1/era5.conv._53942	0-20600-0-53942
1/era5.conv._62459	0-20600-0-62459
1/era5.conv._42122	0-20600-0-42122
1/era5.conv._82276	0-20600-0-82276
1/era5.conv._57666	0-20600-0-57666
1/era5.conv._55248	0-20600-0-55248
1/era5.conv._53821	0-20600-0-53821
1/era5.conv._53853	0-20600-0-53853
1/era5.conv._54237	0-20600-0-54237
1/era5.conv._43069	0-20600-0-43069
1/era5.conv._51855	0-20600-0-51855
1/era5.conv._00379	0-20600-0-00379
1/era5.conv._42135	0-20600-0-42135
1/era5.conv._42426	0-20600-0-42426
1/era5.conv._61660	0-20600-0-61660
1/era5.conv._91928	0-20600-0-91928
1/era5.conv._91931	0-20600-0-91931
1/era5.conv._28957	0-20600-0-28957
1/era5.conv._30565	0-20600-0-30565
1/era5.conv._30969	0-20600-0-30969
1/era5.conv._32207	0-20600-0-32207
1/era5.conv._53664	0-20600-0-53664
1/era5.conv._53745	0-20600-0-53745
1/era5.conv._56173	0-20600-0-56173
1/era5.conv._61997	0-20600-0-61997
1/era5.conv._94050	0-20600-0-94050
1/era5.conv._32379	0-20600-0-32379
1/era5.conv._35756	0-20600-0-35756
1/era5.conv._67022	0-20600-0-67022
1/era5.conv._30858	0-20600-0-30858
1/era5.conv._40858	0-20600-0-40858
1/era5.conv._94649	0-20600-0-94649
1/era5.conv._57089	0-20600-0-57089
1/era5.conv._67045	0-20600-0-67045
1/era5.conv._42034	0-20600-0-42034
1/era5.conv._52633	0-20600-0-52633
1/era5.conv._42374	0-20600-0-42374
1/era5.conv._43334	0-20600-0-43334
1/era5.conv._94321	0-20600-0-94321
1/era5.conv._58647	0-20600-0-58647
1/era5.conv._62308	0-20600-0-62308
1/era5.conv._31562	0-20600-0-31562
1/era5.conv._62940	0-20600-0-62940
1/era5.conv._40456	0-20600-0-40456
1/era5.conv._94323	0-20600-0-94323
1/era5.conv._43124	0-20600-0-43124
1/era5.conv._94643	0-20600-0-94643
1/era5.conv._97290	0-20600-0-97290
1/era5.conv._56067	0-20600-0-56067
1/era5.conv._67207	0-20600-0-67207
1/era5.conv._96533	0-20600-0-96533
1/era5.conv._41516	0-20600-0-41516
1/era5.conv._31306	0-20600-0-31306
1/era5.conv._51701	0-20600-0-51701
1/era5.conv._51931	0-20600-0-51931
1/era5.conv._54587	0-20600-0-54587
1/era5.conv._94208	0-20600-0-94208
1/era5.conv._94025	0-20600-0-94025
1/era5.conv._32227	0-20600-0-32227
1/era5.conv._30915	0-20600-0-30915
1/era5.conv._31996	0-20600-0-31996
1/era5.conv._31895	0-20600-0-31895
1/era5.conv._41665	0-20600-0-41665
1/era5.conv._42846	0-20600-0-42846
1/era5.conv._31823	0-20600-0-31823
1/era5.conv._38408	0-20600-0-38408
1/era5.conv._68902	0-20600-0-68902
1/era5.conv._51232	0-20600-0-51232
1/era5.conv._87758	0-20600-0-87758
1/era5.conv._28028	0-20600-0-28028
1/era5.conv._98321	0-20600-0-98321
1/era5.conv._84403	0-20600-0-84403
1/era5.conv._94257	0-20600-0-94257
1/era5.conv._40975	0-20600-0-40975
1/era5.conv._85930	0-20600-0-85930
1/era5.conv._94446	0-20600-0-94446
1/era5.conv._96857	0-20600-0-96857
1/era5.conv._31509	0-20600-0-31509
1/era5.conv._35699	0-20600-0-35699
1/era5.conv._22205	0-20600-0-22205
1/era5.conv._48810	0-20600-0-48810
1/era5.conv._35542	0-20600-0-35542
1/era5.conv._40582	0-20600-0-40582
1/era5.conv._34271	0-20600-0-34271
1/era5.conv._38082	0-20600-0-38082
1/era5.conv._61091	0-20600-0-61091
1/era5.conv._94641	0-20600-0-94641
1/era5.conv._35633	0-20600-0-35633
1/era5.conv._94325	0-20600-0-94325
1/era5.conv._10001	0-20600-0-10001
1/era5.conv._40946	0-20600-0-40946
1/era5.conv._36778	0-20600-0-36778
1/era5.conv._68372	0-20600-0-68372
1/era5.conv._30875	0-20600-0-30875
1/era5.conv._07270	0-20600-0-07270
1/era5.conv._96055	0-20600-0-96055
1/era5.conv._23331	0-20600-0-23331
1/era5.conv._60690	0-20600-0-60690
1/era5.conv._97004	0-20600-0-97004
1/era5.conv._31504	0-20600-0-31504
1/era5.conv._31286	0-20600-0-31286
1/era5.conv._35021	0-20600-0-35021
1/era5.conv._96655	0-20600-0-96655
1/era5.conv._98815	0-20600-0-98815
1/era5.conv._30165	0-20600-0-30165
1/era5.conv._97330	0-20600-0-97330
1/era5.conv._68378	0-20600-0-68378
1/era5.conv._87127	0-20600-0-87127
1/era5.conv._42977	0-20600-0-42977
1/era5.conv._62855	0-20600-0-62855
1/era5.conv._97120	0-20600-0-97120
1/era5.conv._41414	0-20600-0-41414
1/era5.conv._64909	0-20600-0-64909
1/era5.conv._36622	0-20600-0-36622
1/era5.conv._30217	0-20600-0-30217
1/era5.conv._85460	0-20600-0-85460
1/era5.conv._25777	0-20600-0-25777
1/era5.conv._36686	0-20600-0-36686
1/era5.conv._97438	0-20600-0-97438
1/era5.conv._63473	0-20600-0-63473
1/era5.conv._94317	0-20600-0-94317
1/era5.conv._42121	0-20600-0-42121
1/era5.conv._97890	0-20600-0-97890
1/era5.conv._35749	0-20600-0-35749
1/era5.conv._96380	0-20600-0-96380
1/era5.conv._84279	0-20600-0-84279
1/era5.conv._85972	0-20600-0-85972
1/era5.conv._63709	0-20600-0-63709
1/era5.conv._42759	0-20600-0-42759
1/era5.conv._29534	0-20600-0-29534
1/era5.conv._09001	0-20600-0-09001
1/era5.conv._76649	0-20600-0-76649
1/era5.conv._22282	0-20600-0-22282
1/era5.conv._38816	0-20600-0-38816
1/era5.conv._41014	0-20600-0-41014
1/era5.conv._71146	0-20600-0-71146
1/era5.conv._95315	0-20600-0-95315
1/era5.conv._87898	0-20600-0-87898
1/era5.conv._63478	0-20600-0-63478
1/era5.conv._31883	0-20600-0-31883
1/era5.conv._52446	0-20600-0-52446
1/era5.conv._28026	0-20600-0-28026
1/era5.conv._08490	0-20600-0-08490
1/era5.conv._97460	0-20600-0-97460
1/era5.conv._89005	0-20600-0-89005
1/era5.conv._68530	0-20600-0-68530
1/era5.conv._72639	0-20600-0-72639
1/era5.conv._89567	0-20600-0-89567
1/era5.conv._04207	0-20600-0-04207
